username,comment,time,likes
@globalcellindo7496,Kalau keluar bahasa inggris itu VPN nya rubah negara karna kalau VPN gratis ada limit nya kalau limit sudah habis jangan diconect kan lagi negara yg sudah dipakai,10 jam yang lalu,0
@zaki_gamingyt123,Menurut gw ini sih video ai nya bagus dan realistis ketimbang web video ai lain nya ğŸ‘ğŸ»,2 minggu yang lalu,11
@VirtualSeduction68,"Truly breathtaking. The way everything flowedâ€”the visuals, the soundscapeâ€”it all just clicked on a deep level. You've crafted something that feels alive, and thatâ€™s no easy feat with AI.
Iâ€™m at the beginning of my own creative road in this field, and your work is fuel for the fire. Big inspiration, and major respect to you! ğŸš€ğŸ¨",2 minggu yang lalu,0
@Ariewahyudii,Sangat jos,8 hari yang lalu,0
@iwanchannelrs2847,Ok bang wisnu mksh tutor nya bermanfaat ..ğŸ‘ğŸ¤­,10 hari yang lalu,0
@ubur2ikanlele_uburandlele,"suasana Indonesia, seorang bapak - bapak memakai peci berjalan,medium shot,latar suasana rumah tradisional Indonesia bapak tersebut berkata dalam bahasa jawa : ""halo my friends kulo tiang jawker alias jawa keren kulo di gawe karo chanel randomes, ojo lali subscribe okee "" orang - orang dibelakang berkumpul sambil bilang ""ojo lali subscribe yoo"" lalu tertawa,style realistic",6 hari yang lalu,0
@ibink87,Wow... mantab sekali.. cocok bgt buat video iklan.. fantastiss..,2 minggu yang lalu,2
@antey0601,keren bang,2 minggu yang lalu,1
@klangabutz19,Keren ilmunya kak,2 minggu yang lalu,0
@mr.y280,"Cocok di Greenland, di sana hawanya dingin seringnya daerah di Greenland beku, cocok jualan tahu gejrot.",2 minggu yang lalu,0
@kaisarryan3662,Keren bang â¤,12 hari yang lalu,0
@FEBRIASTREAM,keren ai  :),2 minggu yang lalu,0
@JonoSelamat-z8y,Keren pisan euyğŸ˜Š,2 minggu yang lalu,0
@ArjunaKsatria-Eddie,"Wah mantep pisan euy, Kang",2 minggu yang lalu,0
@ferrymulianto8132,Keren,2 minggu yang lalu,0
@Suhadi-t9k,Hadir menyapa dari Penyadap karet ğŸ™,2 minggu yang lalu,0
@haris_supriadi,Keren bang,2 minggu yang lalu,0
@tvalif,"saya yakin tidak lama lagi, muncul banyak pesaingnya....",2 minggu yang lalu,1
@majeliswarga019,Joss,2 minggu yang lalu (diedit),0
@tobyramasenzu6323,Gemini veo 3 keren,12 hari yang lalu,0
@WisnuAIPro,Bahahaha,2 minggu yang lalu,0
@WisnuAIPro,Haha bisa jadi om,2 minggu yang lalu,0
@siapengchannel,Waw ngeri cuy,2 minggu yang lalu,0
@MataDasendria,"Bos... tolong buat Video tutorial , buat video promosi dengan wajah kita sendiri.. trimakasih",2 minggu yang lalu,0
@faridalrangkuti3882,pake veo 2 juga bagus tp ya bnyk kekurangannya juga tp bisa generate banyak,2 minggu yang lalu,0
@bismarabadi,"Tambah ilmu baru
Makasih mas bro semangat terus berkarya",2 minggu yang lalu,0
@pagar5610,"keren, tolong dilike biar bisa kembali.. hihi",2 minggu yang lalu,0
@braymarcobray6331,paling berpotensi utk provokasi politik dg sasaran masyarakat yg SDM ketinggalan.,2 minggu yang lalu,0
@antorh7959,kalau kena pembatasan tinggal klik new chat aja bang. nanti bisa generate video lagi,2 minggu yang lalu,0
@boomdada293,Bintang iklan mulai terancam ğŸ˜‚ğŸ˜‚,2 minggu yang lalu,1
@chikojeremy3900,tahu gejrot mama sultan memang maknyuss,2 minggu yang lalu,0
@FaisalTasik-m7m,Buat donk film dr veo 3,2 minggu yang lalu,0
@Jaguar-06-u7p,"Mungkin yg muncul bahasa Inggris kalau kata pertama depan nya kyk bahasa Inggris seperti ""Greenland"" tapi kalau depan kata nya pakai ada bahasa Indonesia nya jadi muncul Bahasa Indonesia seperti Video terakhir ""Warga Greenland"" ada kata ""Warga"" di depan nya",2 minggu yang lalu,0
@deviximoush,harus ya ada orang ketawa2 ğŸ˜‚,2 minggu yang lalu,0
@wahyudiputrah1522,Kalo orangnya pakai fisik kita gimana om ?,2 minggu yang lalu,1
@muhammadluthfi3489,4:07 yang ibu2 ini kok kayak mirip siapa ya mukanya?,11 hari yang lalu,0
@arissutanto1286,"Bang requst Ucapan ULTAH,, Kebetulan di Tmpt kerja saya akan ulang tahun.. Mau liat hasil dan promt yg bagus",8 hari yang lalu,0
@Arwanah-j5u7d,Kak.. Tutor cara menautkan akun pembayaran,2 minggu yang lalu,0
@rickyagustian2046,durasinya bisa panjang tidak ya ka,11 hari yang lalu,1
@saputra3329,Serem tekhnologi skrg,2 minggu yang lalu,0
@gamesplaysandroid1370,keren hu gimana cara agar karakter  konsisten,2 minggu yang lalu,1
@adi_candra007,Bikin Video AI Buat Promosi Jualan,2 minggu yang lalu,0
@WisnuAIPro,"Siap om, trims",2 minggu yang lalu,0
@SasaPutriiqeila,â€‹Â @WisnuAIProÂ  ko tidak ada suaranya saya ya,2 minggu yang lalu,0
@ngajidiri-u6m,Gratiis apa bayar om?,2 minggu yang lalu,0
@user-cd8me9we8o,ğŸ˜‚ğŸ˜‚,13 hari yang lalu,0
@WisnuAIPro,Hahahaa,2 minggu yang lalu,0
@KUTiS_2M,kalok teks gitu bicaranya jadi gitu.,2 minggu yang lalu,0
@SandyRaksa,Video saya pake nya bahasa inggris mulu bang knapa ya,13 hari yang lalu,0
@Jaguar-06-u7p,"â€‹Â @SandyRaksaÂ utamakan kata depan nya menggunakan kata dari bahasa Indonesia yg sesuai, atau pas waktu buat prompt ke dalam bahasa Inggris nya kata kata nya ada yg diterjemahkan dlm bahasa Inggris buasa nya ada yg di dalam tanda kurung, nah itu hapus aja yg di dalam tanda kurung itu",12 hari yang lalu,0
@SandyRaksa,"â€‹Â @Jaguar-06-u7pÂ semua nya pake bahasa indonesia koq bang tapi tetep video nya pake bahasa inggris,jadi males saya buat AI lagi",6 hari yang lalu,0
@WisnuAIPro,Hahaha,2 minggu yang lalu,0
@ratu.tiara_satu,apa nama tempat kerjanya dan ultah yang keberapa ka,1 hari yang lalu,0
@SisterFinance,"kasih tanda kurung kak contoh (bentuk muka, pipi chuby, hidung mancung, gigi tonggos, mata biru, dagu lancip), kalo untuk badan dan usia ya bisa di atur sesuai kebutuhan, itu cuma contoh ya ğŸ˜…",2 minggu yang lalu (diedit),0
@ArfaDanil,"suasana Indonesia anak muda
berjalan, medium shot latar suasana sorum Indonesia anak muda tersebut berkata dalam bahasa Indonesia:
"" bapak ibu warga metro lampung jangan lupa mampir ke sorum rd metro, pasti bagus bagus loh unti nya monggo di liat liat dulu"" 
orang-orang  di belakang berkumpul sambil bilang mantap lalu tertawa, style realistic",2 minggu yang lalu,0
@mgwildan,ini harus ke layanan pro dulu yaa ?? ğŸ™,2 minggu yang lalu,1
@NendraAzkha,Harus ke pro dulu,5 hari yang lalu,0
@cewecanz2663,Warga greenland setelah dipikir pikir iya juga soal ne bendera kita sama merah putih ğŸ‡®ğŸ‡© ğŸ‡¬ğŸ‡± ğŸ˜‚ğŸ˜‚ğŸ˜‚,2 minggu yang lalu,0
@fredyalphaers,Tapi bagaimana Ai bisa generate  wajah2 mereka ?? Setau sy Ai tidak mungkin bs generate wajah manusia krn itu berkaitan dgn identitas..,2 minggu yang lalu,0
@coldsnapYT,7:35 kalo kena limit coba ganti akun saja bang.  *FYI aja*ğŸ™,2 minggu yang lalu,0
@pujiherlandari2782,"aku baru bikin video , udh gabisa lgi..bsa lagi nnti tgl 19 juni ..",2 minggu yang lalu,0
@NicoAndre-k3x,"Coba aja bisa 15 detik, auto bikin Vine sih ğŸ˜‚",2 minggu yang lalu,0
@SINYOHARMONIBALI,kak gimana caranya biar karakternya konsisten suksma,2 minggu yang lalu,0
@kiraran2867,Kalau yang ngomong pake foto sendiri bagaimana caranya Kak?,12 hari yang lalu,0
@muhamadikrom6868,"Bang kenapa ya saya buat video, stelah jdi tidak ada suaranya",13 hari yang lalu,3
@HaleyTasik,Minta prompt nya donk kak buar copy paste ğŸ™,2 minggu yang lalu,0
@botang_03,Di tempat ku cuma bisa jadi foto doang,10 hari yang lalu,0
@DivaGembrot,Waduh gimana nasib marjan d Ramadhan tahun depan y,2 minggu yang lalu,0
@irsalzip8283,"gimana caranya durasi panjang, soalx sy coba beberapa generate video tdk sampai 1 menit",2 minggu yang lalu,2
@jujunjoswara569,Bang ada group nya ga pingin belajar,11 hari yang lalu,0
@Arjadogaming,"Gua mau berhenti langganan gk bs bang.
""setelah masuk ke Play Store,
tulisannya beda seperti yg di tutorialnya bangğŸ˜¢.
Videonya ada di short terbaruku kak.
Mohon bantuannya",2 minggu yang lalu,1
@AnakpemulaChanel,Kira2 pake muka kita bisa,2 minggu yang lalu,0
@antowie9659,"Ternyata ini pake gemini pro,,kirain  pake gemini biasa bisa.",13 hari yang lalu,0
@dinarouw2325,Buat foto jadi video,2 minggu yang lalu,0
@WisnuAIPro,Hahaa mantap om,2 minggu yang lalu,0
@ArfaDanil,hahah coba coba omâ€‹Â @WisnuAIProÂ ,2 minggu yang lalu,0
@WisnuAIPro,Iya om,4 hari yang lalu,0
@WisnuAIPro,Bahahaha,2 minggu yang lalu,0
@gdissfyy_,kalo ganti akun brrti harus beli lagi dong?,2 minggu yang lalu,0
@pandjisp,sama,2 hari yang lalu,0
@ratu.tiara_satu,"pakai vpn ka biar merubah dr veo 2 ke veo 3 ka..
pilih wilayah amerika ka",1 hari yang lalu,0
@KUTiS_2M,8 detik,2 minggu yang lalu,0
@RiyadiMen,eemng durasinya mentok d situ bro mau sampe tua jga generate ga bakal 1 menit durasi,2 minggu yang lalu,0
@miegoreng228,â€‹Â @RiyadiMenÂ  Kak ini emang harus pro ya? Soalnya saya coba gabisa text to video,2 minggu yang lalu,0
@Xuanxii,"Tinggal 8s x 10 video, terus di gabung pakek converter",2 minggu yang lalu,0
@WisnuAIPro,Yang pro om cuma dia gratis 1 bulan,13 hari yang lalu,0
@antowie9659,"Iya OM, maka nya tdi saya bilang yg pro om.â€‹Â @WisnuAIProÂ ",8 hari yang lalu,0
@YunitaLina,Bang gimana caranya biar bisa daptar Gemini pro,6 hari yang lalu,0
@kakilham3,Sudah ikutin tutornya cmn nggk ada suaranya kenapa ya bang?,12 hari yang lalu,0
@mieayamcapek,"Udah Pro Tapi Baru Buat 3 Video doang udah Full gitu, kudu nunggu 10 harian lagi. Kenapa yahhhh???",2 minggu yang lalu,0
@HiburHiburan-h8h,Jangan lupa tahuhgihrot mama sultan,2 minggu yang lalu,0
@LUTFIADIMZ,Gratis peang,2 minggu yang lalu,0
@Xuanxii,Mukanya otomatis/kasih sendiri,2 minggu yang lalu,0
@TheAjitae,"Bg promtnya  jgn ada unsur bahasa inggrisnya contoh ""cup"" itu bahasa inggris ai nya kmungknan bakal berbicara bhs inggris,, kcuali klo emang dasar promptnya pake  bahasa inggris",12 hari yang lalu,0
@hifnibng25,Prompt,2 minggu yang lalu,0
@KaptenBaru-x3o,cara munculin pilihan Videonya gimana bang? punya ku cuman ada Deep Research sama Canvas doang ..,2 hari yang lalu,0
@Yosisport,Bikinin bang buat produk sandal saya. Byr brp,2 minggu yang lalu,0
@jjsingker521,Di hp gue ngk bisa bgğŸ˜¢ğŸ˜¢ğŸ˜¢,3 hari yang lalu,0
@bella-sd9gs,"Bang ,, veo 3 ini bisa bikin 3d rumah bang ,, toling jawab",2 minggu yang lalu,0
@yusufbachtiar5811,"Bang, saya selalu bahasa inggris keluarnya, padahal prompt udah sama bang, ada tipsnya kah",2 minggu yang lalu,0
@HanifSaifudin-h8g,Kalau konsistensi karakter antar prompt gimana bang? Apakah pernah bikin?,2 minggu yang lalu,0
@planetgamecommunity817,"Veo 1, veo 2, veo.3 ,veo.4, veo 5, veo6, veo 7, veo 9  veo 10.


Veo.10= Youtube Tutup",2 minggu yang lalu (diedit),0
@kdrjytart6914,Prompt nya bang,2 minggu yang lalu,0
@masechospotter,"klo d HP gk bisa kah bang, gk pny laptop ğŸ™‚",13 hari yang lalu,0
@viraltiktok5969,"Bang kok di hp saya tetep veo2? Padahal sudah pro, dan sudah ganti vpn Amerika dll tetap gak bisa veo3",2 minggu yang lalu,1
@abdik21,Cara naikin likit gimana ya kak,2 minggu yang lalu,0
@refiandy,Sayangnya maksimal cuma 8 detik,2 minggu yang lalu,0
@HaleyTasik,Pliss share pompt nya kak,2 minggu yang lalu,0
@WisnuAIPro,"Coba donlot dulu om, klo udh donlot ga keluar suaranya hrs generate lagi",12 hari yang lalu,0
@WisnuAIPro,Siap om trims infonya,12 hari yang lalu,0
@ZonaRetros,prut,2 minggu yang lalu,1
@WisnuAIPro,Pilih gemini flash atau pro di menu atas om ada pilihan,2 hari yang lalu,0
@WisnuAIPro,Belum coba klo itu om,2 minggu yang lalu,0
@miegoreng228,"Samaaa, apa harus pake leptop ya? Tp saya coba dilwptop juga masih tetap veo2",2 minggu yang lalu,0
@sepatualdhis,Kalau minta bikinin video bisa bg.,2 minggu yang lalu,0
@angga2209,sudah pake VPN tetep gak keluar opsi Video,2 minggu yang lalu,0
@SatrioPujangga,"Ditempat saya gemini, kok untuk create video ga ada ya, cuma deep reaserch ama. Camvas aja....knp ya bang.....trims",2 minggu yang lalu,0
@varizzaky8377,"Cuman kok jeda waktu antara sudah habis penggunaan dan bisa lagi digunakan, lama. ğŸ¤¦",2 minggu yang lalu,0
@singteam493,Bang punya saya kok ada limit nya bang? Cmn bisa bikin 6x aja bang,2 minggu yang lalu,0
@naylahijab952,yang muncul cuma deep sama canvas aku coba ga ada video nya,2 minggu yang lalu,0
@AS_Gokay.85,Minimal gemininya udah pro..alias prabayar yea kak,12 hari yang lalu,0
@suhendarjodie1716,Cara download vdio nya gmn bang?,12 hari yang lalu,0
@Limitsata,bang kl veo 2 blm bisa untuk generate video y?,1 hari yang lalu,0
@Joran_MLC,"Izin Om Bagi Teks'y Karna Sya Juga Jualan Tahu Gejrot, Mohon di jawab",2 minggu yang lalu (diedit),0
@terkasaham,kok saya ga keluar suaranya ya bang,2 minggu yang lalu,0
@driverkbp1159,Saya bikin vidio tp gak ada suaranya,2 minggu yang lalu,0
@fitrahardiansyah2369,"Btw itu karakternya wajah asli apa fiktif,klo fiktif ko mirip orang indonesia",2 minggu yang lalu,0
@farisanahla,"1 akun berapa video sih bg limitnya ? Saya pakai sekitar 6 atau 7 kali limit nya udah abis, tanggal 8 , eh malah d indur lagi, tanggal 12 baru bsa lagiğŸ¤£",2 minggu yang lalu,0
@oetjesantoso8450,"bang..mau tanya, kalo seumpama, produk nya spesifik gitu kira2 vo3 bisa ga membuat nya, misal bikin jualan snack yang ada packaging nya dengan gambar yang sesuai denga pacakging tsb walau mungkin sekilas apabila pacagking itu sedang di pegang soarang anak kecil misal nya.",2 minggu yang lalu,0
@yayacahyadi84,"keren bang ilmunya, mantap",13 hari yang lalu,0
@Buronan_Mertuaku,Kok saya bikin gak keluar suaranya yah,2 minggu yang lalu,0
@pencarikebenaran1909,Saya selalu tiap buat selalu gak ada suaranya ğŸ˜¢ğŸ˜¢.,2 minggu yang lalu,1
@sinarsehatsmd1454,Kak sy sudah instal vpn dan gemini pro tp kenapa di gemini masih veo2 ya. Gimn ya supaya bisa connect. N videonya kenapa ga bisa panjang ya,2 minggu yang lalu,0
@gangebuntu,supaya tidak kena batasan sebaiknya bikinnya  berapa video? dan kalo pengan durasi yang lama gimana kak,2 minggu yang lalu,0
@WisnuAIPro,Di atasnya pindahin ke  versi flash atau pro om ada menu pilihan,2 minggu yang lalu,0
@WisnuAIPro,Iya tapi gratis itu 1 bulan,12 hari yang lalu,0
@WisnuAIPro,Video bisa cuma  blm ada suara sm ngomong,1 hari yang lalu (diedit),0
@WisnuAIPro,Iya om edit aja dari prompt yg ada di video tinggal ganti nama,2 minggu yang lalu,0
@WisnuAIPro,"Fiktif om, emang itu kelebihannya veo om hehe",2 minggu yang lalu,0
@WisnuAIPro,Nah itu dia om sama ane juga di undur kmren haha,2 minggu yang lalu,0
@WisnuAIPro,"Sekarang ini blm bisa di veo 3 sih, cuma bisa text to video.. Pake google flow kayanya bisa itu",2 minggu yang lalu,1
@erozyeah,"Bisa ko ka bikin yang kaya kaka maksud. Sy bikin pake chatgpt., malah sudut pandangnya bisa diatur sesuka kita . Trus hasil generate gambar Di generate ke video pake runwayML atau kling ai.",2 minggu yang lalu (diedit),0
@Duniabakery,Di save aja kak pas udah simpan biasanya ada suaranya,2 minggu yang lalu,0
@RajaYoutubeEV,Â @DuniabakeryÂ tetep ga ada kk,2 minggu yang lalu,1
@WisnuAIPro,"Vpn lokasinya pilih Amerika, coba klik di veo 2 nya nanti ada pilihan veo 3.. Durasi 8 detik sekali generate, di edit aja sambung2 klo mau panjang",2 minggu yang lalu,0
@moneyfree011,"Kalau tidak mau kena batasan kayaknya harus langganan berbayar /bukan free trial, untuk durasi per video hanya 8 detik, kalau mau di extend ada dua cara

Pertama lewat flow dari google, alternative kedua dan Gratis lewat google ai studio",2 minggu yang lalu,0
@WisnuAIPro,"Emang ada limitnya om jadi harus nunggu giliran, paling pake email baru daftar lagi",2 minggu yang lalu,0
@gerizimstudio3039,bang kenapa digoogle gemini belum muncul tombol video buat cek apakah sudah menggunakan veo3 atau 2?,11 hari yang lalu,0
@fareldanendra9464,kok diasaya cuman video doang bang ya gaada suaranya,13 hari yang lalu,0
@ageofking9518,Bang di hp kok ngga bisa bang ya bro 3 ini,5 hari yang lalu,0
@anna-e4h9e,durasinya maksimalnya 8 detik yaa,10 hari yang lalu,0
@ahmadwns,"saya membuat yang pertama jadi sesui harapan.
terus buat lagi kok gak ada suaranya ya bang",2 minggu yang lalu,0
@harosmurtia,audio nya bangğŸ˜­,7 hari yang lalu,0
@Firlinda-x3q,Saya buat kok gak keluar suaranya ya kenapa,2 minggu yang lalu,0
@hisanhisan4558,Ini harus Gemini pro apa tdk bang?,2 minggu yang lalu,0
@ripaginanjar6888,"bang tolong jwb , apakah ada batasan harian bikin vidio vio 3 ,??? ğŸ™ğŸ™ğŸ™ contoh ny cuman 3 vidio sehari",11 hari yang lalu,0
@iwakmanyung7691,Aku dah pro dah pkai vpn masih tapi tetap v2 gak mau v3,2 minggu yang lalu,0
@YTChannel5758,di punyaku tidak work,2 minggu yang lalu,0
@shczxlynqvotte,Kenapa engga warga konoha bang,2 minggu yang lalu,0
@informantunggal9749,Supaya wajah bisa diganti wajah kita gimana,2 minggu yang lalu,0
@rikkk-r3f,"cara ngatasi gaada suaranya gimana ya bang, udah clear cache ganti server vpn sama aja",2 minggu yang lalu,0
@MuhammadAbdillah-ut5nk,wajahnya bisa diganti dengan wajah kita gak bang,2 minggu yang lalu,0
@WPid,bikin durasi video dari gemini ini durasinya bisa panjang gk bro,2 minggu yang lalu,0
@Zx16888,Ini harus pakai yg pro ya bang?harus berlangganan kalo mau buat video gini?,4 hari yang lalu,0
@EpiHanapiah-c3k,Ko gua ga ada suara nya,2 minggu yang lalu,0
@arjuna3861,Ijin tanya abang...kenapa ya ko ngomong nya suka bahasa inggris..itu kesalahan dari apa nya ya,2 minggu yang lalu,0
@nhizyarachannel2165,"Bang,  gimana caranya biar bikin veo 3 tanpa limit.",2 minggu yang lalu,0
@WisnuAIPro,Coba liat menu di atas om pindahin ke flash atau pro ntar muncul menu videonya,11 hari yang lalu,0
@WisnuAIPro,Iya betul om,10 hari yang lalu,0
@WisnuAIPro,"Coba donlot dulu om kadang setelah di donlot baru muncul suaranya, klo ga juga hrs generate ulang",2 minggu yang lalu,0
@sukasukasaya9,1 hari 2 video bang,9 hari yang lalu,0
@WisnuAIPro,Bahaha,2 minggu yang lalu,0
@WisnuAIPro,Tambahin pake ai faceswap om,2 minggu yang lalu,0
@WisnuAIPro,Coba donlot dulu om kadang suka keluar suara klo udh di donlot,2 minggu yang lalu,0
@WisnuAIPro,Klo di veo 3 sendiri belum bisa paling combine pake AI yang lain om faceswap gtu,2 minggu yang lalu,0
@WisnuAIPro,"Sekali generate 8 detik, paling di edit om di sambung biar panjang",2 minggu yang lalu,0
@WisnuAIPro,"Iya yg pro, tapi dpt gratis 1 bulan pertama",4 hari yang lalu,0
@WisnuAIPro,Kadang suka gtu om ane generate ulang klo gtu,2 minggu yang lalu,0
@WisnuAIPro,Ga tau klo itu om soalnya yg pro aja di batesin hehe,2 minggu yang lalu,0
@retailindomandiri1874,Di google gemininya ga ada logo video kenapa ya,2 minggu yang lalu,0
@ferrymulianto8132,Bisnis informasi bisa kontak kemana kak?,2 minggu yang lalu,0
@evanbagus3090,kalau mencapai batas gmn bang,2 minggu yang lalu,0
@YunitaLina,Saya bikin bang tapi blm ada fitur videonya bang,6 hari yang lalu,0
@RayZyo,Jual promtnya bang,8 hari yang lalu,0
@Xycann,Kokk punya saya bahasa inggris ya bang bicara nya,7 hari yang lalu,0
@RajaYoutubeEV,Harus lewat pc yah bang ga bisa lewat hp,2 minggu yang lalu,0
@kardiansyah3844,Bang tanya saya setiap bikin kok suaranya gak muncul ya hanya video sajağŸ˜¢,2 minggu yang lalu,0
@Jakantod,Cara daftar  gratis Veo 3 harus pake kartu credit gmn cara nya bikin kartu kredit ya ğŸ˜‚,2 minggu yang lalu (diedit),0
@MrNdey,bang ada cara supaya bisa pakai foto sendiri ngga?,2 minggu yang lalu,0
@ipung-ism7011,Ko gada suaranya ya,2 minggu yang lalu,1
@MasBaik-u5e,Bisa pake muka kita sendiri gak bang,2 minggu yang lalu,0
@candrakirana1335,"Saya biat kadang gak bisa di play sama di download bg, solusi nya gimana ya",2 minggu yang lalu,0
@sigit7468,Tombol Video nya kok gak nampil ya,2 minggu yang lalu,0
@alminafirman5168,Kalo kita masukin gambar sample produk bisa ga ya?,7 hari yang lalu,0
@SentralStamp,bang kenapa pas saya buka gemini tidak ada tools video?,9 hari yang lalu,0
@gerandrean,Cara buat nya dan bikin dmn? Apa bisa di apk gemini? Dan gratis? Atau cuman bisa di Web nya?,2 minggu yang lalu,0
@akumasmu7708,"Ka aku udah updat ke versi pro tapi veo 3 ny koq gak muncul""",2 minggu yang lalu,0
@gowes_gurat_garut_,Klo mukanya diubah peke muka kita bisa ga om?,2 minggu yang lalu,0
@ChirulAnitriWastuti,Berbayar ya bwangg,2 minggu yang lalu,0
@WisnuAIPro,Di menu atas coba cek pindahin ke google flash atau pro,2 minggu yang lalu,0
@WisnuAIPro,Bisa wa ke no 085810134712,2 minggu yang lalu,0
@WisnuAIPro,Coba klik menu gemini di atas pindahin ke flash atau pro,6 hari yang lalu,0
@WisnuAIPro,Ide bagus nih haha,8 hari yang lalu,0
@WisnuAIPro,Bisa ko lewat hp,2 minggu yang lalu,0
@RajaYoutubeEV,Â @WisnuAIProÂ webnya apa bang ko saya mahbyg muncul gambar,2 minggu yang lalu,0
@WisnuAIPro,â€‹Â @RajaYoutubeEVÂ google Gemini om bisa instal di android,2 minggu yang lalu,1
@RajaYoutubeEV,Â @WisnuAIProÂ klo iphone apa om saya insal google gemini di iphone bisanya cua gambar ga bisa bikin video,2 minggu yang lalu,0
@WisnuAIPro,â€‹Â @RajaYoutubeEVÂ coba liat pilihannya om hrsnya ada,2 minggu yang lalu,0
@RajaYoutubeEV,Â @WisnuAIProÂ udah bisa bang tp ga ada suaranya gmna supaya ada suaranya munculnya malah subtitle,2 minggu yang lalu,0
@albarkstore779,Gemini di saya g mucul.video,2 minggu yang lalu,0
@albarkstore779,Cuma kanvas,2 minggu yang lalu,0
@smpn1polewali,Saya juga engga ada suaranya maslahnya di mana,2 minggu yang lalu,0
@abdik21,"Di utak atik VPNnya kak gonta ganti server , sampe dapet veo 3 , kalo
Aku biasa kalo ga singapure france",2 minggu yang lalu,0
@WisnuAIPro,Pake gopay bisa om lewat android,2 minggu yang lalu,1
@Jakantod,"Oke, saya akan coba buat kartu kredit nya ğŸ˜Š â€‹Â @WisnuAIProÂ ",2 minggu yang lalu,0
@WisnuAIPro,Belum bisa om di veo cuma bisa text to video.. Paling pake aplikasi lain swap face gtu,2 minggu yang lalu,0
@Zoelvizoelvi,Pke vpn baru ada suaranya,2 minggu yang lalu,0
@WisnuAIPro,Coba donlot dulu om kadang suka muncul suaranya setelah di donlot,2 minggu yang lalu,0
@Mergedrealms-c7w,â€‹Â @WisnuAIProÂ tetep bisu..ğŸ˜¢,2 minggu yang lalu,0
@WisnuAIPro,Klo veo 3 nya blm bisa,2 minggu yang lalu,0
@WisnuAIPro,Aga lama kadang om buat play sm donlotnya tgu aja,2 minggu yang lalu,0
@WisnuAIPro,Harusnya ada coba cek lagi,2 minggu yang lalu,0
@WisnuAIPro,Klo di veo blm bisa om,7 hari yang lalu,0
@WisnuAIPro,Coba di menu atas pindahin ke flash atau pro gemininya,9 hari yang lalu,0
@WisnuAIPro,"Bisa om lewat HP, gratis 1 bulan cuma ada batas kreditnya.. Hrs pake VPN",2 minggu yang lalu,0
@WisnuAIPro,Udh instal vpn nya blm?,2 minggu yang lalu,0
@WisnuAIPro,Kalo di veo blm bisa om hrs tambah pake ai faceswap gtu,2 minggu yang lalu,1
@gowes_gurat_garut_,"â€‹Â @WisnuAIProÂ sy coba, knp ga muncul u video ya om, cm gambar aja?",2 minggu yang lalu,0
@kayla-salsa,Durasi berapa detik?,2 minggu yang lalu,0
@arsyaandmom17,1 akun ada batasan brp jumlah generate video nggak bang?,2 minggu yang lalu,0
@budisusanto99,Apakah harus gemini pro?,6 hari yang lalu,0
@alnajahfialaikhira2423,Bang vpn nya saya dowload harus berbayar,2 minggu yang lalu,0
@gamersbaper9619,bang mic lu kenapa,2 minggu yang lalu,0
@4troublez07,make ipad bisa gk bang,2 minggu yang lalu,0
@celanakolor6316,Pakai hhp bisa gk,7 hari yang lalu,0
@yudiG01,suaranya sakit banget di telinga,5 hari yang lalu,0
@HadehHoam,Udah pake vpn kok masih veo 2 stlh di reload mas?,4 hari yang lalu,0
@zulhamdi639,Bisa Ndak pakai HP,2 minggu yang lalu,0
@irfanofficial96k,Mau tanya wajah nya itu diambil dri orng asli kah?,2 minggu yang lalu,0
@adipatiblues30,Gw udh pake vpn tetep aja gk ada suaranya bang,1 hari yang lalu,0
@yondatau1054,Di gue kok tetap ngk bisa ya aktif yang videonya udah pake vpn lagi anjir apa yg salah,2 minggu yang lalu,0
@astutiastuti4957,Hasil vidio kadang bahasa inggris bang.,2 minggu yang lalu,0
@zulkiflialfayed2948,video saya cmn 8 detik bisa nggk jadi panjang,12 hari yang lalu,0
@jakaprojek0579,Maksimal berapa video bang,2 minggu yang lalu,0
@soccer8862,Kadang veo 3 gda suara gmna tuh bang,2 minggu yang lalu,0
@ehau6596,Gemini ku gabisa bikin video,8 hari yang lalu,0
@ennysuciati9541,"Ambil karakter artis, bisa gak",2 minggu yang lalu,0
@Musik-u8t,"Gratis kah bang, dan berapa kreditnya",2 minggu yang lalu,0
@WisnuAIPro,8 detik skali generate,2 minggu yang lalu,0
@varizzaky8377,Setahuku sesuai kesulitan prompt. Makin detail makin sedikit video yang bisa dibuat. Nanti ada peringatan berapa video lagi yang bisa dibuat.,2 minggu yang lalu,0
@WisnuAIPro,Iya om tapi gratis sebulan,5 hari yang lalu,0
@WisnuAIPro,Iya euy kaya ada feedback gtu dr spekernya baru ngeuh,2 minggu yang lalu,0
@WisnuAIPro,Hrsnya bisa,2 minggu yang lalu,0
@WisnuAIPro,Bisa om,7 hari yang lalu,0
@WisnuAIPro,Maap om,5 hari yang lalu,0
@WisnuAIPro,Lokasi vpnnya pastiin Amerika om,4 hari yang lalu,0
@WisnuAIPro,Bisa om,2 minggu yang lalu,0
@WisnuAIPro,Veo 3 apa 2 om?,23 jam yang lalu,0
@adipatiblues30,"Veo 2,,nah cara biar jadi veo 3 gmn bang â€‹Â @WisnuAIProÂ ",23 jam yang lalu,0
@WisnuAIPro,â€‹Â @adipatiblues30Â upgrade ke pro om gratis 1 bukan kok,23 jam yang lalu,0
@WisnuAIPro,Udh update ke pro blm om? Klo blm update dulu ga kena biaya ko gratis 1 bulan,2 minggu yang lalu,0
@WisnuAIPro,Iya om kadang suka gtu haha,2 minggu yang lalu,0
@Aaron_Rhony,Maksimal 8 detik emang bro,12 hari yang lalu,0
@WisnuAIPro,Skitar 8 atau 10 gtu.. Abis itu di suruh tgu beberapa hari lagi,2 minggu yang lalu,0
@WisnuAIPro,"Iya om ane juga pernah gtu, coba donlot aja suka muncul pas abis donlot, klo ga harus generate ulang",2 minggu yang lalu,0
@SisterFinance,Yang ngga ada suara veo2 bang.,2 minggu yang lalu,0
@WisnuAIPro,Bisa om,7 hari yang lalu,0
@WisnuAIPro,Belum bisa sekarang sih,2 minggu yang lalu,0
@BenyYneb,Bisa gratis gak,2 minggu yang lalu,0
@WisnuAIPro,â€‹Â @BenyYnebÂ gratis 1 bulan om,2 minggu yang lalu,0
@chikojeremy3900,"iya itu terkait potensi penyalahgunaan, biasanya memang AI tdk mau memproses , kalau sekedar mirip bisa",2 minggu yang lalu,0
@goodoldgamingyoutuber6371,"Â @WisnuAIProÂ  Aku peragain punyamu. Tapi kok ngomongnya pake bahasa Inggris, bukan bahasa Indonesia?",2 minggu yang lalu,0
@WisnuAIPro,"â€‹Â @goodoldgamingyoutuber6371Â nah itu kadang suka gitu di video ini juga ada contoh yg jadinya bahasa Inggris, jadi emang kadang hrs beberapa kali generate",2 minggu yang lalu,0
@WisnuAIPro,Gratis 1 bulan om tapi ada batas kreditnya,2 minggu yang lalu,0
@gisel934,"Bang, Harus berbayar bikin video ini ya",2 minggu yang lalu,0
@Wahitaja,BG gua buat vidio TPI GK ada suara ny bg,2 minggu yang lalu,0
@RizkyAnggoro-f3p,Cara berbayar gmna bang biar ga ada limit nya,4 hari yang lalu,0
@sumardiaj5429,prompt nya apa bang ?,2 minggu yang lalu,0
@Miya-138,Bang kok ada limit pembuat video ya,2 minggu yang lalu,0
@LUTFIADIMZ,Gemininya bayar,2 minggu yang lalu,0
@Kurniarezia,Saya buat 2x kok pakai bahasa inggris ya bang,2 minggu yang lalu,0
@SintaHerina-g8s,Kok guw malh gambar doang,2 minggu yang lalu,0
@acofficial5249,Gak gratisan...,2 minggu yang lalu,0
@afandimamat8246,BEO 3 Gratis apa bayar ini bang,8 hari yang lalu,0
@antonysamudra07,"Lama lama orang tidak di butuhkan lagi untuk mempromosikan produk, hemat biaya bayar orang publik figur semakin nganggur.ğŸ˜‚",2 hari yang lalu,0
@ramayudha42,bahasa ny inggris terus,2 minggu yang lalu,0
@RistoryID,"Bang, ini kok saya udah langganan Pro kenapa dibatasi ya buat videonya jadi harus buat lagi tangga 17 nanti, rugi ya udah bayar tapi masih di batasi",2 minggu yang lalu,0
@teamkreditan7533,Kalo udah sebulan kepotong langsung ya 300ribuan bang??,2 minggu yang lalu,0
@opnovan652,Bikin di web kok ga ada suara y klo di app nya muncul,1 hari yang lalu,0
@sintanuramalia1949,bang gak muncul opsi video nya itu kenapa bang,1 hari yang lalu,0
@adplayprojeck6777,promptnya bng,2 minggu yang lalu,0
@hermanpolo1632,Saya bikin kok nga ada suara nya bang,10 hari yang lalu,0
@antorh7959,"pakai VPN, pastikan videonya sudah ke veo 3",2 minggu yang lalu,0
@WisnuAIPro,Tetep ada limit om kayanya buat bulan pertama krna gratis kayanya 1 bulan,4 hari yang lalu,0
@WisnuAIPro,Ada di videonya om,2 minggu yang lalu,0
@WisnuAIPro,Iya ada.. Krna gratis kali yah hehe,2 minggu yang lalu,0
@Miya-138,Padahal pake yg berbayar tapi di kasih limit 6 video perhari â€‹Â @WisnuAIProÂ ,2 minggu yang lalu,0
@indrapurnama6181,Â @Miya-138Â  berapa bayarnya gitu?,2 minggu yang lalu,0
@WisnuAIPro,Nah kadang suka gitu hehe ane juga sama hrs beberapa kali generate,2 minggu yang lalu,0
@WisnuAIPro,Yg pro om cuma gratis 1 bulan,7 hari yang lalu,0
@WisnuAIPro,Haha bisa jadi om,1 hari yang lalu,0
@RistoryID,"baru sampe akhir nonton videonya ternyata sama aja ya, berarti harus langganan akun baru lagi. makasih bang ya, laris terus tahu gejrot mama sultannya",2 minggu yang lalu,0
@WisnuAIPro,Hahaha trims om,2 minggu yang lalu,0
@WisnuAIPro,Iya om tetep kena limit karna masih gratis 1 bulan juga kali jadi giliran,2 minggu yang lalu,0
@ilham-tv,Â @WisnuAIProÂ   saya yg berbayar pun dibatasi,2 minggu yang lalu,0
@dzikriahadwaahmad1609,G keluar suara padahal sudah veo 3,2 minggu yang lalu,0
@WisnuAIPro,Sebelum akhir bulan di unsub om biar ga kepotong,2 minggu yang lalu,1
