username,comment,time,likes,sentimen,
@globalcellindo7496,Kalau keluar bahasa inggris itu VPN nya rubah negara karna kalau VPN gratis ada limit nya kalau limit sudah habis jangan diconect kan lagi negara yg sudah dipakai,1 hari yang lalu,0,1,
@zaki_gamingyt123,Menurut gw ini sih video ai nya bagus dan realistis ketimbang web video ai lain nya ğŸ‘ğŸ»,2 minggu yang lalu,11,1,
@RSubektiID,Terlihat natural oke juga,4 jam yang lalu,0,1,
@VirtualSeduction68,"Truly breathtaking. The way everything flowedâ€”the visuals, the soundscapeâ€”it all just clicked on a deep level. You've crafted something that feels alive, and thatâ€™s no easy feat with AI. Iâ€™m at the beginning of my own creative road in this field, and your work is fuel for the fire. Big inspiration, and major respect to you! ğŸš€ğŸ¨",2 minggu yang lalu,0,1,
@ibink87,Wow... mantab sekali.. cocok bgt buat video iklan.. fantastiss..,2 minggu yang lalu,2,1,
@iwanchannelrs2847,Ok bang wisnu mksh tutor nya bermanfaat ..ğŸ‘ğŸ¤­,11 hari yang lalu,0,1,
@Ariewahyudii,Sangat jos,9 hari yang lalu,0,1,
@antey0601,keren bang,2 minggu yang lalu,1,1,
@klangabutz19,Keren ilmunya kak,2 minggu yang lalu,0,1,
@ArjunaKsatria-Eddie,"Wah mantep pisan euy, Kang",2 minggu yang lalu,0,1,
@kaisarryan3662,Keren bang â¤,13 hari yang lalu,0,1,
@JonoSelamat-z8y,Keren pisan euyğŸ˜Š,2 minggu yang lalu,0,1,
@ubur2ikanlele_uburandlele,"suasana Indonesia, seorang bapak - bapak memakai peci berjalan,medium shot,latar suasana rumah tradisional Indonesia bapak tersebut berkata dalam bahasa jawa : ""halo my friends kulo tiang jawker alias jawa keren kulo di gawe karo chanel randomes, ojo lali subscribe okee "" orang - orang dibelakang berkumpul sambil bilang ""ojo lali subscribe yoo"" lalu tertawa,style realistic",7 hari yang lalu,0,0,
@FEBRIASTREAM,keren ai  :),2 minggu yang lalu,0,1,
@Suhadi-t9k,Hadir menyapa dari Penyadap karet ğŸ™,2 minggu yang lalu,0,0,
@haris_supriadi,Keren bang,2 minggu yang lalu,0,1,
@bismarabadi,Tambah ilmu baru Makasih mas bro semangat terus berkarya,2 minggu yang lalu,0,1,
@tvalif,"saya yakin tidak lama lagi, muncul banyak pesaingnya....",2 minggu yang lalu,1,-1,
@tobyramasenzu6323,Gemini veo 3 keren,13 hari yang lalu,0,1,
@mr.y280,"Cocok di Greenland, di sana hawanya dingin seringnya daerah di Greenland beku, cocok jualan tahu gejrot.",2 minggu yang lalu,0,1,
@WisnuAIPro,"Siap om, trims",2 minggu yang lalu,0,0,
@SasaPutriiqeila,â€‹Â @WisnuAIProÂ  ko tidak ada suaranya saya ya,2 minggu yang lalu,0,0,
@ngajidiri-u6m,Gratiis apa bayar om?,2 minggu yang lalu,0,0,
@WisnuAIPro,Haha bisa jadi om,2 minggu yang lalu,0,0,
@WisnuAIPro,Bahahaha,2 minggu yang lalu,0,0,
@ferrymulianto8132,Keren,2 minggu yang lalu,0,1,
@siapengchannel,Waw ngeri cuy,2 minggu yang lalu,0,1,
@pagar5610,"keren, tolong dilike biar bisa kembali.. hihi",2 minggu yang lalu,0,1,
@majeliswarga019,Joss,2 minggu yang lalu (diedit),0,1,
@MataDasendria,"Bos... tolong buat Video tutorial , buat video promosi dengan wajah kita sendiri.. trimakasih",2 minggu yang lalu,0,1,
@faridalrangkuti3882,pake veo 2 juga bagus tp ya bnyk kekurangannya juga tp bisa generate banyak,2 minggu yang lalu,0,-1,
@braymarcobray6331,paling berpotensi utk provokasi politik dg sasaran masyarakat yg SDM ketinggalan.,2 minggu yang lalu,0,-1,
@boomdada293,Bintang iklan mulai terancam ğŸ˜‚ğŸ˜‚,2 minggu yang lalu,1,1,
@chikojeremy3900,tahu gejrot mama sultan memang maknyuss,2 minggu yang lalu,0,1,
@FaisalTasik-m7m,Buat donk film dr veo 3,2 minggu yang lalu,0,1,
@antorh7959,kalau kena pembatasan tinggal klik new chat aja bang. nanti bisa generate video lagi,2 minggu yang lalu,0,1,
@Jaguar-06-u7p,"Mungkin yg muncul bahasa Inggris kalau kata pertama depan nya kyk bahasa Inggris seperti ""Greenland"" tapi kalau depan kata nya pakai ada bahasa Indonesia nya jadi muncul Bahasa Indonesia seperti Video terakhir ""Warga Greenland"" ada kata ""Warga"" di depan nya",2 minggu yang lalu,0,0,
@deviximoush,harus ya ada orang ketawa2 ğŸ˜‚,2 minggu yang lalu,0,0,
@wahyudiputrah1522,Kalo orangnya pakai fisik kita gimana om ?,2 minggu yang lalu,1,0,
@arissutanto1286,"Bang requst Ucapan ULTAH,, Kebetulan di Tmpt kerja saya akan ulang tahun.. Mau liat hasil dan promt yg bagus",9 hari yang lalu,0,0,
@ArfaDanil,"suasana Indonesia anak muda
berjalan, medium shot latar suasana sorum Indonesia anak muda tersebut berkata dalam bahasa Indonesia:
"" bapak ibu warga metro lampung jangan lupa mampir ke sorum rd metro, pasti bagus bagus loh unti nya monggo di liat liat dulu"" 
orang-orang  di belakang berkumpul sambil bilang mantap lalu tertawa, style realistic",2 minggu yang lalu,0,0,
@rickyagustian2046,durasinya bisa panjang tidak ya ka,12 hari yang lalu,1,0,
@muhammadluthfi3489,4:07 yang ibu2 ini kok kayak mirip siapa ya mukanya?,12 hari yang lalu,0,0,
@saputra3329,Serem tekhnologi skrg,2 minggu yang lalu,0,-1,
@Arwanah-j5u7d,Kak.. Tutor cara menautkan akun pembayaran,2 minggu yang lalu,0,1,
@user-cd8me9we8o,ğŸ˜‚ğŸ˜‚,2 minggu yang lalu,0,1,
@WisnuAIPro,Hahahaa,2 minggu yang lalu,0,0,
@KUTiS_2M,kalok teks gitu bicaranya jadi gitu.,2 minggu yang lalu,0,0,
@SandyRaksa,Video saya pake nya bahasa inggris mulu bang knapa ya,2 minggu yang lalu,0,0,
@Jaguar-06-u7p,"â€‹Â @SandyRaksaÂ utamakan kata depan nya menggunakan kata dari bahasa Indonesia yg sesuai, atau pas waktu buat prompt ke dalam bahasa Inggris nya kata kata nya ada yg diterjemahkan dlm bahasa Inggris buasa nya ada yg di dalam tanda kurung, nah itu hapus aja yg di dalam tanda kurung itu",2 minggu yang lalu,0,0,
@SandyRaksa,"â€‹Â @Jaguar-06-u7pÂ semua nya pake bahasa indonesia koq bang tapi tetep video nya pake bahasa inggris,jadi males saya buat AI lagi",7 hari yang lalu,0,0,
@WisnuAIPro,Hahaha,2 minggu yang lalu,0,0,
@ratu.tiara_satu,apa nama tempat kerjanya dan ultah yang keberapa ka,2 hari yang lalu,0,0,
@WisnuAIPro,Hahaa mantap om,2 minggu yang lalu,0,1,
@ArfaDanil,hahah coba coba omâ€‹Â @WisnuAIProÂ ,2 minggu yang lalu,0,0,
@gamesplaysandroid1370,keren hu gimana cara agar karakter  konsisten,2 minggu yang lalu,1,1,
@adi_candra007,Bikin Video AI Buat Promosi Jualan,2 minggu yang lalu,0,1,
@cewecanz2663,Warga greenland setelah dipikir pikir iya juga soal ne bendera kita sama merah putih ğŸ‡®ğŸ‡© ğŸ‡¬ğŸ‡± ğŸ˜‚ğŸ˜‚ğŸ˜‚,2 minggu yang lalu,0,0,
@mgwildan,ini harus ke layanan pro dulu yaa ?? ğŸ™,2 minggu yang lalu,1,0,
@fredyalphaers,Tapi bagaimana Ai bisa generate  wajah2 mereka ?? Setau sy Ai tidak mungkin bs generate wajah manusia krn itu berkaitan dgn identitas..,2 minggu yang lalu,0,0,
@kiraran2867,Kalau yang ngomong pake foto sendiri bagaimana caranya Kak?,13 hari yang lalu,0,0,
@muhamadikrom6868,"Bang kenapa ya saya buat video, stelah jdi tidak ada suaranya",2 minggu yang lalu,3,0,
@NendraAzkha,Harus ke pro dulu,6 hari yang lalu,0,-1,
@HiburHiburan-h8h,Jangan lupa tahuhgihrot mama sultan,2 minggu yang lalu,0,1,
@SINYOHARMONIBALI,kak gimana caranya biar karakternya konsisten suksma,2 minggu yang lalu,0,0,
@jujunjoswara569,Bang ada group nya ga pingin belajar,12 hari yang lalu,0,0,
@DivaGembrot,Waduh gimana nasib marjan d Ramadhan tahun depan y,2 minggu yang lalu,0,0,
@irsalzip8283,"gimana caranya durasi panjang, soalx sy coba beberapa generate video tdk sampai 1 menit",2 minggu yang lalu,2,1,
@planetgamecommunity817,"Veo 1, veo 2, veo.3 ,veo.4, veo 5, veo6, veo 7, veo 9  veo 10.Veo.10= Youtube Tutup",2 minggu yang lalu (diedit),0,0,
@NicoAndre-k3x,"Coba aja bisa 15 detik, auto bikin Vine sih ğŸ˜‚",2 minggu yang lalu,0,1,
@kdrjytart6914,Prompt nya bang,2 minggu yang lalu,0,0,
@dinarouw2325,Buat foto jadi video,2 minggu yang lalu,0,1,
@botang_03,Di tempat ku cuma bisa jadi foto doang,11 hari yang lalu,0,-1,
@pujiherlandari2782,"aku baru bikin video , udh gabisa lgi..bsa lagi nnti tgl 19 juni ..",2 minggu yang lalu,0,-1,
@HaleyTasik,Minta prompt nya donk kak buar copy paste ğŸ™,2 minggu yang lalu,0,0,
@SisterFinance,"kasih tanda kurung kak contoh (bentuk muka, pipi chuby, hidung mancung, gigi tonggos, mata biru, dagu lancip), kalo untuk badan dan usia ya bisa di atur sesuai kebutuhan, itu cuma contoh ya ğŸ˜…",2 minggu yang lalu (diedit),0,0,
@WisnuAIPro,Bahahaha,2 minggu yang lalu,0,0,
@pandjisp,sama,3 hari yang lalu,0,0,
@ratu.tiara_satu,pakai vpn ka biar merubah dr veo 2 ke veo 3 ka.. pilih wilayah amerika ka,2 hari yang lalu,0,1,
@WisnuAIPro,Iya om,5 hari yang lalu,0,0,
@KUTiS_2M,8 detik,2 minggu yang lalu,0,0,
@RiyadiMen,eemng durasinya mentok d situ bro mau sampe tua jga generate ga bakal 1 menit durasi,2 minggu yang lalu,0,0,
@miegoreng228,â€‹Â @RiyadiMenÂ  Kak ini emang harus pro ya? Soalnya saya coba gabisa text to video,2 minggu yang lalu,0,0,
@Xuanxii,"Tinggal 8s x 10 video, terus di gabung pakek converter",2 minggu yang lalu,0,0,
@Arjadogaming,"Gua mau berhenti langganan gk bs bang. ""setelah masuk ke Play Store, tulisannya beda seperti yg di tutorialnya bangğŸ˜¢. Videonya ada di short terbaruku kak. Mohon bantuannya",2 minggu yang lalu,1,0,
@coldsnapYT,7:35 kalo kena limit coba ganti akun saja bang.  *FYI aja*ğŸ™,2 minggu yang lalu,0,0,
@AnakpemulaChanel,Kira2 pake muka kita bisa,2 minggu yang lalu,0,0,
@bella-sd9gs,"Bang ,, veo 3 ini bisa bikin 3d rumah bang ,, toling jawab",2 minggu yang lalu,0,1,
@LUTFIADIMZ,Gratis peang,2 minggu yang lalu,0,1,
@TheAjitae,"Bg promtnya  jgn ada unsur bahasa inggrisnya contoh ""cup"" itu bahasa inggris ai nya kmungknan bakal berbicara bhs inggris,, kcuali klo emang dasar promptnya pake  bahasa inggris",13 hari yang lalu,0,0,
@yusufbachtiar5811,"Bang, saya selalu bahasa inggris keluarnya, padahal prompt udah sama bang, ada tipsnya kah",2 minggu yang lalu,0,0,
@antowie9659,"Ternyata ini pake gemini pro,,kirain  pake gemini biasa bisa.",2 minggu yang lalu,0,1,
@HanifSaifudin-h8g,Kalau konsistensi karakter antar prompt gimana bang? Apakah pernah bikin?,2 minggu yang lalu,0,0,
@Yosisport,Bikinin bang buat produk sandal saya. Byr brp,2 minggu yang lalu,0,1,
@viraltiktok5969,"Bang kok di hp saya tetep veo2? Padahal sudah pro, dan sudah ganti vpn Amerika dll tetap gak bisa veo3",2 minggu yang lalu,1,0,
@Xuanxii,Mukanya otomatis/kasih sendiri,2 minggu yang lalu,0,1,
@kakilham3,Sudah ikutin tutornya cmn nggk ada suaranya kenapa ya bang?,13 hari yang lalu,0,0,
@KaptenBaru-x3o,cara munculin pilihan Videonya gimana bang? punya ku cuman ada Deep Research sama Canvas doang ..,3 hari yang lalu,0,0,
@sepatualdhis,Kalau minta bikinin video bisa bg.,2 minggu yang lalu,0,1,
@HaleyTasik,Pliss share pompt nya kak,2 minggu yang lalu,0,0,
@singteam493,Bang punya saya kok ada limit nya bang? Cmn bisa bikin 6x aja bang,2 minggu yang lalu,0,0,
@masechospotter,"klo d HP gk bisa kah bang, gk pny laptop ğŸ™‚",2 minggu yang lalu,0,0,
@abdik21,Cara naikin likit gimana ya kak,2 minggu yang lalu,0,0,
@oetjesantoso8450,"bang..mau tanya, kalo seumpama, produk nya spesifik gitu kira2 vo3 bisa ga membuat nya, misal bikin jualan snack yang ada packaging nya dengan gambar yang sesuai denga pacakging tsb walau mungkin sekilas apabila pacagking itu sedang di pegang soarang anak kecil misal nya.",2 minggu yang lalu,0,1,
@gdissfyy_,kalo ganti akun brrti harus beli lagi dong?,2 minggu yang lalu,0,0,
@WisnuAIPro,Siap om trims infonya,13 hari yang lalu,0,1,
@WisnuAIPro,Yang pro om cuma dia gratis 1 bulan,2 minggu yang lalu,0,0,
@antowie9659,"Iya OM, maka nya tdi saya bilang yg pro om.â€‹Â @WisnuAIProÂ ",9 hari yang lalu,0,0,
@YunitaLina,Bang gimana caranya biar bisa daptar Gemini pro,7 hari yang lalu,0,0,
@WisnuAIPro,Belum coba klo itu om,2 minggu yang lalu,0,0,
@miegoreng228,"Samaaa, apa harus pake leptop ya? Tp saya coba dilwptop juga masih tetap veo2",2 minggu yang lalu,0,-1,
@WisnuAIPro,"Coba donlot dulu om, klo udh donlot ga keluar suaranya hrs generate lagi",13 hari yang lalu,0,0,
@WisnuAIPro,Pilih gemini flash atau pro di menu atas om ada pilihan,3 hari yang lalu,0,1,
@WisnuAIPro,"Sekarang ini blm bisa di veo 3 sih, cuma bisa text to video.. Pake google flow kayanya bisa itu",2 minggu yang lalu,1,-1,
@erozyeah,"Bisa ko ka bikin yang kaya kaka maksud. Sy bikin pake chatgpt., malah sudut pandangnya bisa diatur sesuka kita . Trus hasil generate gambar Di generate ke video pake runwayML atau kling ai.",2 minggu yang lalu (diedit),0,1,
@Limitsata,bang kl veo 2 blm bisa untuk generate video y?,2 hari yang lalu,0,0,
@suhendarjodie1716,Cara download vdio nya gmn bang?,13 hari yang lalu,0,0,
@refiandy,Sayangnya maksimal cuma 8 detik,2 minggu yang lalu,0,-1,
@SatrioPujangga,"Ditempat saya gemini, kok untuk create video ga ada ya, cuma deep reaserch ama. Camvas aja....knp ya bang.....trims",2 minggu yang lalu,0,-1,
@hifnibng25,Prompt,2 minggu yang lalu,0,0,
@angga2209,sudah pake VPN tetep gak keluar opsi Video,2 minggu yang lalu,0,-1,
@mieayamcapek,"Udah Pro Tapi Baru Buat 3 Video doang udah Full gitu, kudu nunggu 10 harian lagi. Kenapa yahhhh???",2 minggu yang lalu,0,-1,
@gerizimstudio3039,bang kenapa digoogle gemini belum muncul tombol video buat cek apakah sudah menggunakan veo3 atau 2?,13 hari yang lalu,0,0,
@naylahijab952,yang muncul cuma deep sama canvas aku coba ga ada video nya,2 minggu yang lalu,0,-1,
@AS_Gokay.85,Minimal gemininya udah pro..alias prabayar yea kak,13 hari yang lalu,0,-1,
@terkasaham,kok saya ga keluar suaranya ya bang,2 minggu yang lalu,0,-1,
@gangebuntu,supaya tidak kena batasan sebaiknya bikinnya  berapa video? dan kalo pengan durasi yang lama gimana kak,2 minggu yang lalu,0,0,
@sinarsehatsmd1454,Kak sy sudah instal vpn dan gemini pro tp kenapa di gemini masih veo2 ya. Gimn ya supaya bisa connect. N videonya kenapa ga bisa panjang ya,2 minggu yang lalu,0,0,
@Buronan_Mertuaku,Kok saya bikin gak keluar suaranya yah,2 minggu yang lalu,0,-1,
@driverkbp1159,Saya bikin vidio tp gak ada suaranya,2 minggu yang lalu,0,-1,
@yayacahyadi84,"keren bang ilmunya, mantap",2 minggu yang lalu,0,1,
@Joran_MLC,"Izin Om Bagi Teks'y Karna Sya Juga Jualan Tahu Gejrot, Mohon di jawab",2 minggu yang lalu (diedit),0,1,
@ageofking9518,Bang di hp kok ngga bisa bang ya bro 3 ini,6 hari yang lalu,0,-1,
@iwakmanyung7691,Aku dah pro dah pkai vpn masih tapi tetap v2 gak mau v3,2 minggu yang lalu,0,-1,
@fitrahardiansyah2369,"Btw itu karakternya wajah asli apa fiktif,klo fiktif ko mirip orang indonesia",2 minggu yang lalu,0,1,
@WisnuAIPro,Video bisa cuma  blm ada suara sm ngomong,2 hari yang lalu (diedit),0,0,
@WisnuAIPro,Di atasnya pindahin ke  versi flash atau pro om ada menu pilihan,2 minggu yang lalu,0,0,
@ZonaRetros,prut,2 minggu yang lalu,1,0,
@WisnuAIPro,Coba liat menu di atas om pindahin ke flash atau pro ntar muncul menu videonya,12 hari yang lalu,0,0,
@WisnuAIPro,Iya tapi gratis itu 1 bulan,13 hari yang lalu,0,1,
@moneyfree011,"Kalau tidak mau kena batasan kayaknya harus langganan berbayar /bukan free trial, untuk durasi per video hanya 8 detik, kalau mau di extend ada dua cara Pertama lewat flow dari google, alternative kedua dan Gratis lewat google ai studio",2 minggu yang lalu,0,1,
@WisnuAIPro,"Emang ada limitnya om jadi harus nunggu giliran, paling pake email baru daftar lagi",2 minggu yang lalu,0,-1,
@WisnuAIPro,"Vpn lokasinya pilih Amerika, coba klik di veo 2 nya nanti ada pilihan veo 3.. Durasi 8 detik sekali generate, di edit aja sambung2 klo mau panjang",2 minggu yang lalu,0,1,
@WisnuAIPro,Iya om edit aja dari prompt yg ada di video tinggal ganti nama,2 minggu yang lalu,0,1,
@WisnuAIPro,"Fiktif om, emang itu kelebihannya veo om hehe",2 minggu yang lalu,0,1,
@hisanhisan4558,Ini harus Gemini pro apa tdk bang?,2 minggu yang lalu,0,0,
@Zx16888,Ini harus pakai yg pro ya bang?harus berlangganan kalo mau buat video gini?,5 hari yang lalu,0,0,
@Firlinda-x3q,Saya buat kok gak keluar suaranya ya kenapa,2 minggu yang lalu,0,-1,
@farisanahla,"1 akun berapa video sih bg limitnya ? Saya pakai sekitar 6 atau 7 kali limit nya udah abis, tanggal 8 , eh malah d indur lagi, tanggal 12 baru bsa lagiğŸ¤£",2 minggu yang lalu,0,-1,
@fareldanendra9464,kok diasaya cuman video doang bang ya gaada suaranya,2 minggu yang lalu,0,-1,
@gerandrean,Cara buat nya dan bikin dmn? Apa bisa di apk gemini? Dan gratis? Atau cuman bisa di Web nya?,2 minggu yang lalu,0,0,
@evanbagus3090,kalau mencapai batas gmn bang,2 minggu yang lalu,0,0,
@EpiHanapiah-c3k,Ko gua ga ada suara nya,2 minggu yang lalu,0,-1,
@informantunggal9749,Supaya wajah bisa diganti wajah kita gimana,2 minggu yang lalu,0,0,
@varizzaky8377,"Cuman kok jeda waktu antara sudah habis penggunaan dan bisa lagi digunakan, lama. ğŸ¤¦",2 minggu yang lalu,0,-1,
@WPid,bikin durasi video dari gemini ini durasinya bisa panjang gk bro,2 minggu yang lalu,0,0,
@ahmadwns,saya membuat yang pertama jadi sesui harapan. terus buat lagi kok gak ada suaranya ya bang,2 minggu yang lalu,0,-1,
@jjsingker521,Di hp gue ngk bisa bgğŸ˜¢ğŸ˜¢ğŸ˜¢,4 hari yang lalu,0,-1,
@rikkk-r3f,"cara ngatasi gaada suaranya gimana ya bang, udah clear cache ganti server vpn sama aja",2 minggu yang lalu,0,-1,
@ferrymulianto8132,Bisnis informasi bisa kontak kemana kak?,2 minggu yang lalu,0,0,
@MuhammadAbdillah-ut5nk,wajahnya bisa diganti dengan wajah kita gak bang,2 minggu yang lalu,0,0,
@YTChannel5758,di punyaku tidak work,2 minggu yang lalu,0,-1,
@anna-e4h9e,durasinya maksimalnya 8 detik yaa,11 hari yang lalu,0,0,
@RayZyo,Jual promtnya bang,9 hari yang lalu,0,1,
@arjuna3861,Ijin tanya abang...kenapa ya ko ngomong nya suka bahasa inggris..itu kesalahan dari apa nya ya,2 minggu yang lalu,0,0,
@WisnuAIPro,"Iya yg pro, tapi dpt gratis 1 bulan pertama",5 hari yang lalu,0,0,
@WisnuAIPro,Nah itu dia om sama ane juga di undur kmren haha,2 minggu yang lalu,0,-1,
@WisnuAIPro,"Bisa om lewat HP, gratis 1 bulan cuma ada batas kreditnya.. Hrs pake VPN",2 minggu yang lalu,0,0,
@WisnuAIPro,Tambahin pake ai faceswap om,2 minggu yang lalu,0,0,
@WisnuAIPro,"Sekali generate 8 detik, paling di edit om di sambung biar panjang",2 minggu yang lalu,0,0,
@WisnuAIPro,"Coba donlot dulu om kadang setelah di donlot baru muncul suaranya, klo ga juga hrs generate ulang",2 minggu yang lalu,0,1,
@WisnuAIPro,Coba donlot dulu om kadang suka keluar suara klo udh di donlot,2 minggu yang lalu,0,1,
@WisnuAIPro,Bisa wa ke no 085810134712,2 minggu yang lalu,0,0,
@WisnuAIPro,Klo di veo 3 sendiri belum bisa paling combine pake AI yang lain om faceswap gtu,2 minggu yang lalu,0,-1,
@WisnuAIPro,Iya betul om,11 hari yang lalu,0,0,
@WisnuAIPro,Ide bagus nih haha,9 hari yang lalu,0,1,
@WisnuAIPro,Kadang suka gtu om ane generate ulang klo gtu,2 minggu yang lalu,0,0,
@alminafirman5168,Kalo kita masukin gambar sample produk bisa ga ya?,8 hari yang lalu,0,1,
@nhizyarachannel2165,"Bang,  gimana caranya biar bikin veo 3 tanpa limit.",2 minggu yang lalu,0,0,
@shczxlynqvotte,Kenapa engga warga konoha bang,2 minggu yang lalu,0,0,
@ripaginanjar6888,"bang tolong jwb , apakah ada batasan harian bikin vidio vio 3 ,??? ğŸ™ğŸ™ğŸ™ contoh ny cuman 3 vidio sehari",12 hari yang lalu,0,0,
@pencarikebenaran1909,Saya selalu tiap buat selalu gak ada suaranya ğŸ˜¢ğŸ˜¢.,2 minggu yang lalu,1,-1,
@alnajahfialaikhira2423,Bang vpn nya saya dowload harus berbayar,2 minggu yang lalu,0,-1,
@YunitaLina,Saya bikin bang tapi blm ada fitur videonya bang,7 hari yang lalu,0,-1,
@RajaYoutubeEV,Harus lewat pc yah bang ga bisa lewat hp,2 minggu yang lalu,0,0,
@retailindomandiri1874,Di google gemininya ga ada logo video kenapa ya,2 minggu yang lalu,0,0,
@gowes_gurat_garut_,Klo mukanya diubah peke muka kita bisa ga om?,2 minggu yang lalu,0,0,
@ipung-ism7011,Ko gada suaranya ya,2 minggu yang lalu,1,-1,
@MasBaik-u5e,Bisa pake muka kita sendiri gak bang,2 minggu yang lalu,0,0,
@SentralStamp,bang kenapa pas saya buka gemini tidak ada tools video?,10 hari yang lalu,0,-1,
@harosmurtia,audio nya bangğŸ˜­,8 hari yang lalu,0,0,
@Xycann,Kokk punya saya bahasa inggris ya bang bicara nya,8 hari yang lalu,0,0,
@arsyaandmom17,1 akun ada batasan brp jumlah generate video nggak bang?,2 minggu yang lalu,0,0,
@MrNdey,bang ada cara supaya bisa pakai foto sendiri ngga?,2 minggu yang lalu,0,0,
@akumasmu7708,"Ka aku udah updat ke versi pro tapi veo 3 ny koq gak muncul""",2 minggu yang lalu,0,-1,
@budisusanto99,Apakah harus gemini pro?,7 hari yang lalu,0,0,
@candrakirana1335,"Saya biat kadang gak bisa di play sama di download bg, solusi nya gimana ya",2 minggu yang lalu,0,0,
@WisnuAIPro,Klo di veo blm bisa om,8 hari yang lalu,0,-1,
@WisnuAIPro,Ga tau klo itu om soalnya yg pro aja di batesin hehe,2 minggu yang lalu,0,-1,
@WisnuAIPro,Bahaha,2 minggu yang lalu,0,0,
@sukasukasaya9,1 hari 2 video bang,10 hari yang lalu,0,0,
@Duniabakery,Di save aja kak pas udah simpan biasanya ada suaranya,2 minggu yang lalu,0,1,
@RajaYoutubeEV,Â @DuniabakeryÂ tetep ga ada kk,2 minggu yang lalu,1,-1,
@WisnuAIPro,Coba klik menu gemini di atas pindahin ke flash atau pro,7 hari yang lalu,0,0,
@WisnuAIPro,Bisa ko lewat hp,2 minggu yang lalu,0,1,
@RajaYoutubeEV,Â @WisnuAIProÂ webnya apa bang ko saya mahbyg muncul gambar,2 minggu yang lalu,0,0,
@WisnuAIPro,â€‹Â @RajaYoutubeEVÂ google Gemini om bisa instal di android,2 minggu yang lalu,1,1,
@RajaYoutubeEV,Â @WisnuAIProÂ klo iphone apa om saya insal google gemini di iphone bisanya cua gambar ga bisa bikin video,2 minggu yang lalu,0,-1,
@WisnuAIPro,â€‹Â @RajaYoutubeEVÂ coba liat pilihannya om hrsnya ada,2 minggu yang lalu,0,1,
@RajaYoutubeEV,Â @WisnuAIProÂ udah bisa bang tp ga ada suaranya gmna supaya ada suaranya munculnya malah subtitle,2 minggu yang lalu,0,0,
@albarkstore779,Gemini di saya g mucul.video,2 minggu yang lalu,0,-1,
@albarkstore779,Cuma kanvas,2 minggu yang lalu,0,0,
@WisnuAIPro,Di menu atas coba cek pindahin ke google flash atau pro,2 minggu yang lalu,0,0,
@WisnuAIPro,Kalo di veo blm bisa om hrs tambah pake ai faceswap gtu,2 minggu yang lalu,1,0,
@gowes_gurat_garut_,"â€‹Â @WisnuAIProÂ sy coba, knp ga muncul u video ya om, cm gambar aja?",2 minggu yang lalu,0,0,
@Zoelvizoelvi,Pke vpn baru ada suaranya,2 minggu yang lalu,0,0,
@WisnuAIPro,Coba donlot dulu om kadang suka muncul suaranya setelah di donlot,2 minggu yang lalu,0,0,
@Mergedrealms-c7w,â€‹Â @WisnuAIProÂ tetep bisu..ğŸ˜¢,2 minggu yang lalu,0,-1,
@WisnuAIPro,Klo veo 3 nya blm bisa,2 minggu yang lalu,0,-1,
@WisnuAIPro,Coba di menu atas pindahin ke flash atau pro gemininya,10 hari yang lalu,0,0,
@varizzaky8377,Setahuku sesuai kesulitan prompt. Makin detail makin sedikit video yang bisa dibuat. Nanti ada peringatan berapa video lagi yang bisa dibuat.,2 minggu yang lalu,0,0,
@WisnuAIPro,Belum bisa om di veo cuma bisa text to video.. Paling pake aplikasi lain swap face gtu,2 minggu yang lalu,0,-1,
@WisnuAIPro,Udh instal vpn nya blm?,2 minggu yang lalu,0,0,
@WisnuAIPro,Iya om tapi gratis sebulan,6 hari yang lalu,0,0,
@WisnuAIPro,Aga lama kadang om buat play sm donlotnya tgu aja,2 minggu yang lalu,0,-1,
@celanakolor6316,Pakai hhp bisa gk,8 hari yang lalu,0,0,
@4troublez07,make ipad bisa gk bang,2 minggu yang lalu,0,0,
@HadehHoam,Udah pake vpn kok masih veo 2 stlh di reload mas?,5 hari yang lalu,0,0,
@ChirulAnitriWastuti,Berbayar ya bwangg,2 minggu yang lalu,0,0,
@irfanofficial96k,Mau tanya wajah nya itu diambil dri orng asli kah?,2 minggu yang lalu,0,0,
@zulhamdi639,Bisa Ndak pakai HP,2 minggu yang lalu,0,-1,
@kardiansyah3844,Bang tanya saya setiap bikin kok suaranya gak muncul ya hanya video sajağŸ˜¢,2 minggu yang lalu,0,0,
@sigit7468,Tombol Video nya kok gak nampil ya,2 minggu yang lalu,0,-1,
@yudiG01,suaranya sakit banget di telinga,6 hari yang lalu,0,-1,
@kayla-salsa,Durasi berapa detik?,2 minggu yang lalu,0,0,
@jakaprojek0579,Maksimal berapa video bang,2 minggu yang lalu,0,0,
@yondatau1054,Di gue kok tetap ngk bisa ya aktif yang videonya udah pake vpn lagi anjir apa yg salah,2 minggu yang lalu,0,-1,
@Jakantod,Cara daftar  gratis Veo 3 harus pake kartu credit gmn cara nya bikin kartu kredit ya ğŸ˜‚,2 minggu yang lalu (diedit),0,0,
@zulkiflialfayed2948,video saya cmn 8 detik bisa nggk jadi panjang,13 hari yang lalu,0,0,
@gamersbaper9619,bang mic lu kenapa,2 minggu yang lalu,0,0,
@astutiastuti4957,Hasil vidio kadang bahasa inggris bang.,2 minggu yang lalu,0,0,
@ehau6596,Gemini ku gabisa bikin video,9 hari yang lalu,0,-1,
@adipatiblues30,Gw udh pake vpn tetep aja gk ada suaranya bang,2 hari yang lalu,0,-1,
@soccer8862,Kadang veo 3 gda suara gmna tuh bang,2 minggu yang lalu,0,-1,
@ennysuciati9541,"Ambil karakter artis, bisa gak",2 minggu yang lalu,0,0,
@WisnuAIPro,Bisa om,8 hari yang lalu,0,0,
@WisnuAIPro,Hrsnya bisa,2 minggu yang lalu,0,0,
@WisnuAIPro,Lokasi vpnnya pastiin Amerika om,5 hari yang lalu,0,0,
@WisnuAIPro,Bisa om,2 minggu yang lalu,0,0,
@smpn1polewali,Saya juga engga ada suaranya maslahnya di mana,2 minggu yang lalu,0,0,
@abdik21,"Di utak atik VPNnya kak gonta ganti server , sampe dapet veo 3 , kalo Aku biasa kalo ga singapure france",2 minggu yang lalu,0,1,
@WisnuAIPro,Harusnya ada coba cek lagi,2 minggu yang lalu,0,0,
@WisnuAIPro,Maap om,6 hari yang lalu,0,0,
@WisnuAIPro,8 detik skali generate,2 minggu yang lalu,0,0,
@WisnuAIPro,Skitar 8 atau 10 gtu.. Abis itu di suruh tgu beberapa hari lagi,2 minggu yang lalu,0,-1,
@WisnuAIPro,Udh update ke pro blm om? Klo blm update dulu ga kena biaya ko gratis 1 bulan,2 minggu yang lalu,0,0,
@WisnuAIPro,Pake gopay bisa om lewat android,2 minggu yang lalu,1,1,
@Jakantod,"Oke, saya akan coba buat kartu kredit nya ğŸ˜Š â€‹Â @WisnuAIProÂ ",2 minggu yang lalu,0,1,
@Aaron_Rhony,Maksimal 8 detik emang bro,13 hari yang lalu,0,0,
@WisnuAIPro,Iya euy kaya ada feedback gtu dr spekernya baru ngeuh,2 minggu yang lalu,0,-1,
@WisnuAIPro,Iya om kadang suka gtu haha,2 minggu yang lalu,0,0,
@WisnuAIPro,Bisa om,8 hari yang lalu,0,0,
@WisnuAIPro,Veo 3 apa 2 om?,2 hari yang lalu,0,0,
@adipatiblues30,"Veo 2,,nah cara biar jadi veo 3 gmn bang â€‹Â @WisnuAIProÂ ",2 hari yang lalu,0,0,
@WisnuAIPro,â€‹Â @adipatiblues30Â upgrade ke pro om gratis 1 bukan kok,2 hari yang lalu,0,0,
@WisnuAIPro,"Iya om ane juga pernah gtu, coba donlot aja suka muncul pas abis donlot, klo ga harus generate ulang",2 minggu yang lalu,0,0,
@SisterFinance,Yang ngga ada suara veo2 bang.,2 minggu yang lalu,0,0,
@WisnuAIPro,Belum bisa sekarang sih,2 minggu yang lalu,0,0,
@BenyYneb,Bisa gratis gak,2 minggu yang lalu,0,0,
@WisnuAIPro,â€‹Â @BenyYnebÂ gratis 1 bulan om,2 minggu yang lalu,0,1,
@chikojeremy3900,"iya itu terkait potensi penyalahgunaan, biasanya memang AI tdk mau memproses , kalau sekedar mirip bisa",2 minggu yang lalu,0,0,
@goodoldgamingyoutuber6371,"Â @WisnuAIProÂ  Aku peragain punyamu. Tapi kok ngomongnya pake bahasa Inggris, bukan bahasa Indonesia?",2 minggu yang lalu,0,0,
@WisnuAIPro,"â€‹Â @goodoldgamingyoutuber6371Â nah itu kadang suka gitu di video ini juga ada contoh yg jadinya bahasa Inggris, jadi emang kadang hrs beberapa kali generate",2 minggu yang lalu,0,-1,
@gisel934,"Bang, Harus berbayar bikin video ini ya",2 minggu yang lalu,0,0,
@LUTFIADIMZ,Gemininya bayar,2 minggu yang lalu,0,0,
@Wahitaja,BG gua buat vidio TPI GK ada suara ny bg,2 minggu yang lalu,0,-1,
@RizkyAnggoro-f3p,Cara berbayar gmna bang biar ga ada limit nya,6 hari yang lalu,0,0,
@SintaHerina-g8s,Kok guw malh gambar doang,2 minggu yang lalu,0,-1,
@Miya-138,Bang kok ada limit pembuat video ya,2 minggu yang lalu,0,0,
@Musik-u8t,"Gratis kah bang, dan berapa kreditnya",2 minggu yang lalu,0,0,
@sumardiaj5429,prompt nya apa bang ?,2 minggu yang lalu,0,0,
@acofficial5249,Gak gratisan...,2 minggu yang lalu,0,-1,
@Kurniarezia,Saya buat 2x kok pakai bahasa inggris ya bang,2 minggu yang lalu,0,-1,
@antonysamudra07,"Lama lama orang tidak di butuhkan lagi untuk mempromosikan produk, hemat biaya bayar orang publik figur semakin nganggur.ğŸ˜‚",3 hari yang lalu,0,1,
@afandimamat8246,BEO 3 Gratis apa bayar ini bang,9 hari yang lalu,0,0,
@ramayudha42,bahasa ny inggris terus,2 minggu yang lalu,0,-1,
@RistoryID,"Bang, ini kok saya udah langganan Pro kenapa dibatasi ya buat videonya jadi harus buat lagi tangga 17 nanti, rugi ya udah bayar tapi masih di batasi",2 minggu yang lalu,0,-1,
@teamkreditan7533,Kalo udah sebulan kepotong langsung ya 300ribuan bang??,2 minggu yang lalu,0,0,
@opnovan652,Bikin di web kok ga ada suara y klo di app nya muncul,2 hari yang lalu,0,0,
@sintanuramalia1949,bang gak muncul opsi video nya itu kenapa bang,2 hari yang lalu,0,0,
@adplayprojeck6777,promptnya bng,2 minggu yang lalu,0,0,
@hermanpolo1632,Saya bikin kok nga ada suara nya bang,11 hari yang lalu,0,-1,
@antorh7959,"pakai VPN, pastikan videonya sudah ke veo 3",2 minggu yang lalu,0,0,
@WisnuAIPro,Tetep ada limit om kayanya buat bulan pertama krna gratis kayanya 1 bulan,5 hari yang lalu,0,0,
@WisnuAIPro,Iya ada.. Krna gratis kali yah hehe,2 minggu yang lalu,0,0,
@Miya-138,Padahal pake yg berbayar tapi di kasih limit 6 video perhari â€‹Â @WisnuAIProÂ ,2 minggu yang lalu,0,-1,
@indrapurnama6181,Â @Miya-138Â  berapa bayarnya gitu?,2 minggu yang lalu,0,0,
@WisnuAIPro,Gratis 1 bulan om tapi ada batas kreditnya,2 minggu yang lalu,0,0,
@WisnuAIPro,Ada di videonya om,2 minggu yang lalu,0,0,
@WisnuAIPro,Nah kadang suka gitu hehe ane juga sama hrs beberapa kali generate,2 minggu yang lalu,0,-1,
@WisnuAIPro,Haha bisa jadi om,2 hari yang lalu,0,0,
@WisnuAIPro,Yg pro om cuma gratis 1 bulan,8 hari yang lalu,0,0,
@RistoryID,"baru sampe akhir nonton videonya ternyata sama aja ya, berarti harus langganan akun baru lagi. makasih bang ya, laris terus tahu gejrot mama sultannya",2 minggu yang lalu,0,1,
@WisnuAIPro,Hahaha trims om,2 minggu yang lalu,0,1,
@WisnuAIPro,Iya om tetep kena limit karna masih gratis 1 bulan juga kali jadi giliran,2 minggu yang lalu,0,-1,
@ilham-tv,Â @WisnuAIProÂ   saya yg berbayar pun dibatasi,2 minggu yang lalu,0,-1,
@dzikriahadwaahmad1609,G keluar suara padahal sudah veo 3,2 minggu yang lalu,0,-1,
@WisnuAIPro,Sebelum akhir bulan di unsub om biar ga kepotong,2 minggu yang lalu,1,0,
@ibink87,Ini yg lagi viral.. veo 3.. trims atas infonya...,2 minggu yang lalu,1,1,
@Xxxxxx-beh,Kedua semoga nular ğŸ¤²,2 minggu yang lalu,0,1,
@lagudahulu,semoga dimudahkan ğŸ”¥,2 minggu yang lalu,0,1,
@Aboutmusic93,Baru ğŸ˜¢coba Voucernya sdh habis yaa bang....mau gabung....,2 minggu yang lalu,1,-1,
@MRWN139,Aku affiliate pake ai Veo 2 baru 1 minggu itupun gak konsisten tapi gak pernah kena pl sekalipun Terus ada 1 vt yang kena gmv max  hampir 200 ribu tanyangan padahal cuman iseng ğŸ˜‚,10 hari yang lalu,0,-1,
@salsabilabila-l1l,Saya bisa dapatkan veo 3 gratis 15 bulan sayangnya ada pembatasan,2 minggu yang lalu,1,-1,
@tonicop8729,saya pakai veo 3 buat hook di awal video aja. di AI expand pakai capcut.,2 minggu yang lalu,0,0,
@Notimposible-2024,Ini nih,2 minggu yang lalu,0,0,
@oktavihamda,"Saya udah coba ngonten bg, baru 9 video panjang sih, biasanya meledaknya pas udh brp hari ya bg?",2 minggu yang lalu,0,0,
@lutfiilhamfauzi1398,Pertama bg semoga nular,2 minggu yang lalu,0,1,
@Zeysxla,Bang mau tanya kenapa ya video ane tiba tiba gak ada yang nonton untuk video panjangnya? Udah 2 minggu viewsnya jadi 0 boleh di bantu apakah ada solusinya? ğŸ˜¢,2 minggu yang lalu,0,0,
@GaspolGarage-c2s,kling atau run way,2 minggu yang lalu,0,0,
@mayaangraini4585,Gimana cara masuk grup bg?,9 hari yang lalu,0,0,
@kupatahu,Solusinya produknya kaos celana polos bang,2 minggu yang lalu,0,0,
@endahprastika5835,Bang apa bener gratis ongkir bakal di hilangin?,2 minggu yang lalu,0,0,
@pemikiranpro,Bang bisa ga misalnya kita ambil video di shoppe seler terus di upload ke tiktok affiliate,2 minggu yang lalu,0,0,
@Yohanaputri_11,Bang bahas dong kebijakan 10juni kmi cemas sebagai apliate pemulağŸ˜¢,2 minggu yang lalu,0,0,
@dailyfishing-k3n,Coba aja kalo mau ke banğŸ˜‚,12 hari yang lalu,0,0,
@xdautomation,anuu,2 minggu yang lalu,0,0,
@HopeeIndo,Tiktok ngawur kenapa ada settingan konten yg di hasilkan ai  ğŸ˜‚,2 minggu yang lalu,1,0,
@sukapusing27,Pembatasan gimana bang,2 minggu yang lalu,0,0,
@Jauharotunnafisah-b2w,Kalo ada kesempatan nyimak bang hendra paham atau kurang paham.. Maklum ibu2 yg super rempong nyambi2.. Semoga makin barokah.. Aamiin,2 minggu yang lalu,0,1,
@Badrud_din,Gak bisa,2 minggu yang lalu,0,-1,
@viewreviewajalah,Apa itu,2 minggu yang lalu,0,0,
@ibink87,Di youtube jg ada..,2 minggu yang lalu,1,0,
@aanschannel1504,Itu untuk konten yg tanpa keranjang kuning kayaknya. Kan di jelaskan tidak boleh pakai ai di tiktokshop,2 minggu yang lalu,1,-1,
@viewreviewajalah,G aman.. Affiliate itu hrus real..,2 minggu yang lalu,0,-1,
@heikaldarmawan2203,"scene di lafalkan ""SIN"".. tolong jgn sebut asal2an bahasa inggris, kalo gak gunakan bahasa indonesia ""ADEGAN""... bahasa mewakili tingkat intelektual",3 minggu yang lalu,10,0,
@evanrasyid9183,4:45 Mulai pembahasan sesuai judul â¤,2 minggu yang lalu (diedit),12,0,
@cafekayong,"Terima kasih bang, tutor yang sangat keren dan bermanfaat. Semoga rejekinya selalu di lancarkan, ğŸ™‡ğŸ¼ğŸ™‡ğŸ¼â€â™€ï¸ğŸ™‡ğŸ¼â€â™‚ï¸",3 minggu yang lalu,0,1,
@ZakkaAmjad,Semua akan Ai pada waktunya,3 minggu yang lalu,1,1,
@sonnyproject996,Mantabb bangg ğŸ”¥,3 minggu yang lalu,0,1,
@SvrtyMounth,Warbiayasssaaa,3 minggu yang lalu,0,1,
@inthestory27,Klo di tik tok sudah ada pemberitahuan dari tik tok tentang larangan penggunaan konten Ai untuk affiliate Jadi beresiko sekali kedepan nya..,2 minggu yang lalu (diedit),0,-1,
@ZebcatJourney,Emang dia bisa buat motif yang sama ? Kayak produk yang mau kita promosi di TT,3 minggu yang lalu,1,0,
@samcan7,"Makasih bang, bagus vidionya. Tapi saya â€œkesselâ€ tiap denger kalimat â€œSceneâ€. Semoga vidio berikutnya pake pronounce yang bener atau pake bahasa Indonesia aja. Sekedar saran aja.",2 minggu yang lalu (diedit),1,1,
@fongstudio83,Coba langganan pake yg pelajar student 1 tahun gratis loh...ğŸ˜ğŸ˜,2 minggu yang lalu,0,1,
@tonicop8729,kenapa gue gak bisa create wanita indonesia yang cantik. sampai diomel omelin tetap aja gak berhasil.,3 minggu yang lalu,1,-1,
@Kak.syauqi,"Wahh,kerren bang,bang apa bisa klo cuma modal hp aja,apa fiturnya gak terbatas,klo gak pake laptop",3 minggu yang lalu,0,1,
@gangebuntu,Batasannya gimana kak? Terus saya pernah coba. Sampe 8 kali kena batasan sampe tgl 14 juni,3 minggu yang lalu,0,0,
@MoodAndVibes01,Kenapa harus pake VPN bang? Padahal kalo di cek penawaran gratisnya bisa buat akun indo juga.,3 minggu yang lalu,0,0,
@jalancahaya1798,"Bang, klo pas waktu login gemini minta no tlpn gmna bang? Apa kita perlu jg masukkan no tlpn kita?",4 hari yang lalu,0,0,
@RiadyPlay,maaf apa bisa lolos dipakai untuk Tiktok Affiliate bila menggunakan Ai ?,3 minggu yang lalu (diedit),0,0,
@Mayorgembul,Sehari berapa vidio per Gmail sehari?,9 hari yang lalu,0,0,
@LINNENTERTAINMENT,Bang mau beli yg di deskripsi itu berlaku seumur hidup gak ğŸ˜…,2 minggu yang lalu,0,0,
@humybiel,Bang punyaku dibatesin jadi veo 3 ku kena limit bilangnya 1 juni malah diperpanjang sampe 7 juni jadi ga bisa bikin pake veo 3 ğŸ˜¢ ada solusi kah bang . Btw ini udah ketiga kalinya diperpanjang ğŸ˜‚,3 minggu yang lalu,0,0,
@adietyanwibowo3022,Scene = dibaca sin. Atau adegan,2 minggu yang lalu,0,0,
@DeriDeri-te4qz,Totur cara edit nya bang,3 minggu yang lalu,0,1,
@utuhhirang,berapa kali generate sehari bang,3 minggu yang lalu,0,0,
@habustaa,enggk kena pelanggaran tiktok bos?,3 minggu yang lalu,0,0,
@Clippers-b3t,Yaelah klo gerak gerak doang mah gausah pke veo 3 bg.,2 minggu yang lalu,0,-1,
@aanschannel1504,Berlangganan nya berapa?,3 minggu yang lalu,0,0,
@paulvanshop,cuman kan durasiny cmn 8 detik ??,3 minggu yang lalu,0,0,
@joszyt3325,Jangan jangan kamu juga ai banh?,3 minggu yang lalu,0,0,
@AngkasaPutra-z6r,"Aku udah langganan google vo3 pro bang, tapi ada batas harian penggunaan fitur pembuatan vidio, apa semua akun kayak gitu atau akun ku aja yang salah?",3 minggu yang lalu (diedit),0,0,
@benneybingar,"Scene dibacanya ""sin"" mas, bukan sken",2 minggu yang lalu,0,0,
@GyuImad,elektrotik kaya earphone atau tws bisakah ?,3 minggu yang lalu,0,0,
@Adanghd,Semua bang,2 minggu yang lalu,0,1,
@Adanghd,Wkwk parah bener penyebutan saya ğŸ¤£ tapi makasih mas udah koreksi,2 minggu yang lalu,0,0,
@MSNChannel1,ilmu mahalll,2 minggu yang lalu,1,1,
@endangkalbi3477,terima kasih bang..,11 jam yang lalu,0,1,
@ai-gen-v1,bang spill setting di chatgpt nya q udah mengikuti caranya tapi gk bisa sama hasilnya.,3 minggu yang lalu,0,1,
@bostedd6999,bang itu setingan pada menit 3:50 gimana yah?,3 minggu yang lalu,0,1,
@ahmaddentaa5259,"chat gptnya ada fitur ""buat gambar"" itu harus pake yang plus ya?",2 hari yang lalu (diedit),0,0,
@Anonymous212-s7u,Tutor gemini veo 3 bang,3 minggu yang lalu,0,1,
@agusmaulana-tw8mt,Gimana cara msk ke prompt ugc nya bang,1 bulan yang lalu,0,0,
@lajoyaKUN,"Kak, disetingan tiktok harus ceklis hasil dari AI?",7 hari yang lalu,0,0,
@virgoel2199,Dibatasi g ya..klo sering uplod n bkin gmbr di chtgpt,7 hari yang lalu,0,0,
@Hanayumaa,Pusing juga nyimaknyağŸ˜¢,7 hari yang lalu,0,-1,
@fansberat3436,Bang Untuk aturan sekarang klw visual gambar tidak terlalu bergerak hanya Dengan efek-efek di capcut geraknya kena pelanggaran kah??,1 bulan yang lalu,0,0,
@KkpBalikpapan,bang extension untuk screen capture apa yang dipakai?,4 minggu yang lalu,0,0,
@Adanghd,Statis ya? Kena itu biasanya,1 bulan yang lalu,0,-1,
@Adanghd,Lighshot bang,4 minggu yang lalu,0,0,
@danyyilgiba,Great video!,3 minggu yang lalu,4,1,
@FilmSpook,"ğŸ‘ğŸ¾ğŸ‘ğŸ¾Awesome Work, much appreciated, my Bro!",2 minggu yang lalu,1,1,
@ReidAIWorld,great idea!,3 hari yang lalu,0,1,
@zhangxiang18,Great Vid! I may watch this all day!,11 hari yang lalu,0,1,
@monaali6156,"Thanks ğŸ‰, plz more toutrial like that",9 hari yang lalu,1,1,
@josephg5542,Can you create 9:16 videos using veo3?,2 minggu yang lalu,1,0,
@TheAIGridAcademy,Your welcome!,2 minggu yang lalu,0,0,
@TheAIGridAcademy,not at the moment,13 hari yang lalu,1,0,
@lionelson7098,"""No subtitles, no captions, no written elements or text should appear on the screen at any point. The screen must remain clean â€” only visuals and spoken dialogue.""",3 hari yang lalu,18,0,
@ChazmediaPH,"Great value!
Tip 1: Vlog Style Videos [00:13]
Action Steps: Use prompts like ""self camera angle shot from an extended arm,"" ""holding up a vlog cam on a selfie stick,"" or ""shot from a vlog camera.""

Tip 2: Man on the Street Interviews [01:33]
Action Steps: Include the phrase ""man on the street"" in your prompt.

Tip 3: Removing Subtitles [02:40]
Action Steps: Crop subtitles out using a video editor or use an AI subtitle remover like V-make, as there's no direct removal option in Google VEO 3 currently.

Tip 4: Adding Accents [04:28]
Action Steps: Add accent descriptions to your prompt, ensuring the accent is plausible for the given environment and character.

Tip 5: Controlling Tone of Voice [06:03]
Action Steps: Describe the desired tone (e.g., ""aggressively shout,"" ""nervous stuttering"") in your prompt, focusing on the general idea of their dialogue rather than a specific script.

Tip 6: Adding Ambient Sounds [06:54]
Action Steps: Specify ambient sounds in your prompt, such as ""sound of waves at the beach"" or ""wind rustling and cars honking.""

Tip 7: Adding Background Music [07:54]
Action Steps: Prompt for specific types of music, like ""suspenseful and thrilling music"" or ""relaxed piano playing.""

Tip 8: Upscaling Videos [08:43]
Action Steps: If you have a Google VEO 3 subscription, download your video and select the 1080p upscaled version for free.

Tip 9: Using Flow TV for Inspiration [09:25]
Action Steps: Access Flow TV within the Google VEO 3 interface to view videos and their corresponding prompts for inspiration.

Tip 10: Creating Vertical Videos [10:17]
Action Steps: Use the ""frames to video"" feature. Rotate a vertical image 90 degrees, upload it, generate the video, and then rotate the video back to vertical.

Tip 11: Consistent Characters via Text Prompts [11:45]
Action Steps: Provide a highly detailed description of your character's appearance, including physical features, clothing, and accessories, in your text prompt.

Tip 12: The Green Screen Hack [13:47]
Action Steps: Use an image of your character with a green screen background in the ""frames to video"" feature. Start your prompt with ""instantly jump/cut to on frame one"" for character consistency across scenes.

Tip 13: Using VEO 3 Ingredients [15:26]
Action Steps: Upload multiple images (character, background, etc.) using the ""ingredients to video"" feature to combine them into a single video (note: this uses the older Google VEO 2 model).

Tip 14: Image to Video for Consistency [17:04]
Action Steps: Generate images of your characters first using an AI image generator (like Flux Context), then animate those images in Google VEO 3.

Tip 15: Adding Lip Sync [20:22]
Action Steps: Use external AI apps like Dezgo to add lip-syncing to your videos, as Google VEO 3 cannot generate dialogue with a reference image.

Tip 16: Consistent Objects/Products [21:40]
Action Steps: Generate images of consistent objects or products using an AI image generator, then animate them in Google VEO 3.

Tip 17: Creating Fight Scenes [22:56]
Action Steps: Include terms like ""kung fu fight scene"" in your prompt.

Tip 18: Using Fast Mode [24:00]
Action Steps: Select ""Fast mode"" for text-to-video prompts to generate videos more quickly and at a lower cost (note: it doesn't support character dialogue).

Tip 19: Camera Shots and Angles [24:49]
Action Steps: Incorporate various camera shots (close-up, full body, side profile, extreme long shot) and angles (low angle, high angle, bird's-eye view) into your prompts.

Tip 20: Muted Colors and Cinematic Film Keywords [26:21]
Action Steps: Add keywords like ""muted colors"" and ""cinematic film"" to your prompts for a more photorealistic look.

Tip 21: Introducing Camera Motions [27:02]
Action Steps: Include camera motions such as tilting, panning, and zooming in your prompts.

Tip 22: Combining Camera Techniques [27:54]
Action Steps: Combine different camera shots, angles, and movements within a single prompt for dynamic scenes.

Tip 23: Changing Camera Lens/Device [28:35]
Action Steps: Experiment with different camera lenses (fisheye, macro) or recording devices (infrared camera) in your prompts for unique visual aesthetics.

Tip 24: First-Person POV [29:12]
Action Steps: Add ""first-person POV shot"" to your prompts to create immersive short films.

Tip 25: Changing Movie Genre [29:54]
Action Steps: Specify the movie genre (e.g., horror, comedy, sci-fi) in your prompt to alter the visual style, lighting, and color palette.

Tip 26: Different Animation Styles [30:44]
Action Steps: Begin your prompt by specifying the desired animation style, such as ""3D Pixar"" or ""2D anime.""

Tip 27: Lighting Styles and Color Palettes [31:42]
Action Steps: Manipulate lighting (soft sunlight, harsh moonlight, firelight) and color palettes (cool blue, warm tones, desaturated, monochromatic, pastel) in your prompts to create specific moods.

Tip 28: Infinite Looping Videos [32:45]
Action Steps: Duplicate a video clip in an editor, reverse the second clip, and place them side-by-side to create a loop.

Tip 29: Image Generator for Previews [34:02]
Action Steps: Use the built-in image generator within the ""frames to video"" feature to create preview images from your prompt before generating the full video.

Tip 30: Creating Longer Videos [35:12]
Action Steps: Use the ""add to scene"" feature to extend videos (note: this currently works only with the older Google VEO 2 model, which means lower quality and no sound effects).",2 hari yang lalu,12,0,
@RogueCellPictures,"Great stuff as always Tao. Here's something I uncovered - Veo 3 understands (to a degree) lumens, temperature and camera lens shift. So if you want to make something cinematic with specific motivated lighting, you can use things like ''ambient glow cast from a warm backlight source positioned 45Â° from the rear, mimicking the color temperature of old tungsten ~2600K'', ''dynamic camera following the subject from a wide angle gradually shifts lenses from 24mm to 50mm, then 75mm as depth narrows and camera - prompt the camera movement push in, crane up, etc. Play around for your specific needs.",3 hari yang lalu,21,1,
@AIFrontierKai,"Veo 3's ability to interpret elements like lumens, color temperature, and progressive lens shifting adds a whole new layer to prompt crafting â€” especially for anyone aiming for a cinematic look. Using phrases like ""ambient glow cast from a warm backlight source positioned 45Â° from the rear (~2600K tungsten)"" or ""dynamic camera tracking with lens shift from 24mm to 50mm to 75mm"" lets you take full control of lighting mood and spatial storytelling. The fact that Veo 3 responds to camera movement prompts like push-ins, crane shots, or dolly zooms makes it feel less like a text-to-video tool â€” and more like a directorâ€™s assistant that just happens to read prompts. Try experimenting â€” itâ€™s wild what this model picks up on.",4 jam yang lalu,0,1,
@GastaoHEsteves,"Brazilian here: In 7:30, the guy says: ""I'll have a bowl of aÃ§aÃ­, please."" and the voice outside the screen says ""With lots of granola, okay?"" which didn't make sense, because it sounded like the vendor was telling how the costumer wanted his bowl.",3 hari yang lalu,10,0,
@RyanAIWorld,"ğŸ”¥ Amazing video! Iâ€™m just getting started with Veo 3, and thanks to you, I finally understand a lot of the complicated stuff. Really appreciate how detailed and transparent you are â€” unlike many others who hold back. Keep making awesome videos like this â€” Iâ€™ve already subscribed and canâ€™t wait for the next one!",1 hari yang lalu,0,1,
@maitreya1906,"Good stuff Tao. I hope Veo 3 develops further. I understand it has significant restrictions around even imagined copyright infringements and censorship. Speaking of which I noticed Disney is suing Midjourney for copyright. Specifically cited was the laxity in allowing Star Wars creative assets  in imagery among their users (light sabers & etc)  Midjourney responded that they'll defend themselves and they haven't done anything wrong bla bla and these suits take years to go through the system, but I'm saying,  keep an  ear on the ground given your tutorials use what they claim is theirs in them.",3 hari yang lalu,3,1,
@ShapeShifter3-6-9,Awesome video m8! Thanks for your time and research!ğŸ’ª,2 hari yang lalu,0,1,
@raa8580,Nice to see you are almost at 100k my dude. Not even a little bit surprised. The best in the game for sure.,1 hari yang lalu,0,1,
@fernandocampos4892,ğŸ‡§ğŸ‡· Ficou perfeito! ğŸ˜‚ Continue dando exemplos de personagens brasileiros. ğŸ˜,3 hari yang lalu,2,1,
@TheVincentAi,Good jobs Tao . Your videos are so helpful ğŸ‰,3 hari yang lalu,2,1,
@HioneAiHub,Technology is evolving so fast! Veo 3 is a testament to the future of content creation. Eagerly anticipating Google's next improvements,20 jam yang lalu,0,1,
@KikoPoet,"Great video bro. Just getting into this editing realm, Iâ€™m a poet with lots of stories to tell. Thisâ€™s all I needed to jump into the Ai editing revolution. Had to subscribe ğŸ˜",1 hari yang lalu (diedit),0,1,
@TranscendBeyond-t3j,"ğŸ˜‚ğŸ˜‚as brazilian living in USA for 20 years i approve this video. The guy says I want an aÃ§ai bowl with lots of granola, veo 3 accent is 100% accurate,  holly ğŸ„",3 hari yang lalu,1,1,
@NaturesNotebookAI,Leaving a comment because this is insanely helpful,1 hari yang lalu,0,1,
@JulesEditSuite,"Hi Tao, love your content, I learn plenty. Now that Midjourney has video as well, it'd be nice a deeper dive into how to create the best video content out of it, would be nice to hear from youğŸ™Cheers!",23 jam yang lalu,0,1,
@chalief1340,Â¡Gracias por el contenido muy interesante y Ãºtil!,2 hari yang lalu,1,1,
@LicbeAIMedia,Amazing brother! Always on the top :D Thanks for the vid,3 hari yang lalu,0,1,
@Aurora_Venus,I'm about to commit to purchasing Veo3. I want to create a short video for a presentation at work.. lets see how i get on!,18 jam yang lalu,0,1,
@andyd428,"I've done some vlogs with american characters visiting the UK.  Found I had to describe the location rather than specify the location, otherwise they speak with an English accent.  It seems fine with mentioning the location name in dialog though.",3 hari yang lalu,1,1,
@taoprompts,Thanks for the tip!,2 hari yang lalu,1,1,
@nofilterconfess,Thnx for ur effortsâ¤,1 hari yang lalu,1,1,
@damn671,"I literally just tried this and it was worst than original. I think the AI just have a 50% accuracy. when it works, it works amazing. But half the time it messes up.",3 hari yang lalu,0,-1,
@carno350,Worked like a charm for me. Maybe because I'm doing a nighttime interior shot? Really caught the reflective lighting and the tone I was looking for.,3 hari yang lalu,1,1,
@taoprompts,Thanks for the insightful prompt suggestion! Veo 3 is quite responsive especially for text-to-video ğŸ‘,2 hari yang lalu,2,1,
@AJ-hzl,Wow...,12 jam yang lalu,0,1,
@taoprompts,Thanks for translating!,2 hari yang lalu,1,1,
@BadAtAI100,Thanks!,3 hari yang lalu,1,1,
@ShapeShifter3-6-9,WTF bro you`re ai too! @ 16:48 you glitched to a new haircut ğŸ˜‚,2 hari yang lalu,0,0,
@eye_see_you,great! ğŸ™Œâ¤,3 hari yang lalu,1,1,
@damn671,"Here are some things influencers always forget to mention about VEO 3:
1. It's very expensive
2. Even with the PRO plan, you will have to do several generations to get the right video. You only have very limited credits.
3. By the time you get your video, you have already use 30% of your credits.",3 hari yang lalu,13,-1,
@TheRealDealAbdullah,Lots of good tips. ğŸ‘,3 hari yang lalu,0,1,
@TwistedLaughsTV,Thank you doing my best,2 hari yang lalu,0,1,
@euricorodrigues3319,"Regarding to the brazilian guy, he is asking for an acai bowl
Great video, very helpfull! Thanks!",1 hari yang lalu,0,1,
@tumarcatuestilo,"Very good content, thanks for sharing your knowledge.",3 hari yang lalu,0,1,
@mfreel2112,Good job.  Thanks for the help.,3 hari yang lalu,0,1,
@Shanghai44,"Concise, excellent content! Thanks for your efforts. Just an aside, ironically where the young man is speaking Portuguese is where subtitles would make the most sense.",3 hari yang lalu,0,1,
@supersupersocco,"Key Insights
ğŸ” Detailed Character Description Is Key for Consistency: Consistent characters can be achieved by providing comprehensive descriptions focusing on appearance, clothing, and accessories, although some visual inconsistencies may still occur across different videos. This balance between detail and practicality is crucial when relying solely on text-to-video prompts.
ğŸ¤ Dialogue Limitations with Image-based Characters: When using reference images for characters, Google Veo 3 cannot generate voice or lip-synced dialogue, necessitating the use of external apps to add speech, which adds complexity but enables more expressive storytelling.
ğŸ Camera Techniques Enhance Cinematic Quality: Employing varied camera shots (close-up, side profile, birdâ€™s eye view), angles (low, high), and motions (panning, tilting, zooming) significantly improves narrative engagement and visual drama in AI videos. Combining these elements crafts richer and more immersive scenes.
ğŸŒ Context Influences Accents and Speech Style: The plausibility of accents depends on the videoâ€™s setting; an accent introduced without environmental context often results in poor or no effect, showing that embedding characters in appropriate contexts is essential for authenticity.
ğŸ§ Adding Ambient Sounds and Music Elevates Immersion: Including background sounds like waves, rustling leaves, or specific music instruments makes the video more immersive, enhancing the viewerâ€™s emotional connection and overall storytelling impact.
âš™ Feature Limitations and Workarounds: Google Veo 3 still has limitations like forced subtitles, older model dependencies for some features, and lack of built-in infinite loops. Users often need to combine Veo 3 with other software (video editors, subtitle removers) to achieve professional results.
ğŸ¨ Stylistic Flexibility Through Genres and Animation Styles: Changing movie genres or animation styles via prompts allows creators to shift visual moods dramatically, from horror to comedy or from cinematic realism to anime or Pixar-style animations, demonstrating AIâ€™s versatility in creative video production.",3 hari yang lalu,1,1,
@Chinasilicagel,I think the difficulty lies in controlling the handheld camera and selfie perspective,2 hari yang lalu,0,0,
@zlobster326,Imagine to put the whole text of your favorite fantasy book and see how it generates movie ğŸ˜®,1 hari yang lalu,0,1,
@sonythabeast,Ok but for the consistent character  you add the character name too like that veo 3 will recognize easily the character to be consistently give a try to see,3 hari yang lalu,2,1,
@the_ai_rizz,The VEO3 vlog videos were funny the first 3 days. It's like people still posting hawk tuah memes a week later,3 hari yang lalu,1,-1,
@Hamstar78,Thanks bro appreciate your guidance! unfortunately i ran out of Veo 3 credits under the Pro plan. Can i safely use my secondary gmail and card to create a new trail pro account? lol,3 hari yang lalu,1,0,
@TheRealDealAbdullah,Do you have a website where you have uploaded all your completed short AI films that you have made?,12 jam yang lalu,0,1,
@jeffferguson9176,"Just started, loooking to get into this for education. Burnt through almost all of my 1000 credits last night and still couldnt get the clip I wanted perfect. I think i was asking it to do much in a short time?",15 jam yang lalu,0,0,
@goodgirlgonerich,"Your videos are very helpful and descriptive but I can't lie... I am both excited by the possibilities of what can be created with A I , but I am also extremely disappointed with the inconsistency and mistakes that these a I generators make. How long do you think it will take for a I to be more consistent and efficient with making consistent and authentic videos/content? I'm tired of wasting credits and money and not getting consistent results! It's frustrating!",3 hari yang lalu,0,-1,
@priyanshuart21,Can you please prompt PDF guide cinematic etc for google veo 3,3 hari yang lalu,0,0,
@morsusv,Use veo 2 if you have google pro plan. I use that image to video and it is not that bad.,3 hari yang lalu,0,1,
@A_S_H530,If your paying 250$ why is there credits?,3 hari yang lalu,3,-1,
@ancientnicholas,"Eh, all about workflow. Use gemini gpt or something* to first story board. Have it search optimized veo 3 prompts. Do tests before fully committing to a series of clips for a video.. I have gotten at least 40 solid videos, and im still at around 6000 credits.. (subed on the 6th) I do 4-5 clips per video...  @20 credits a clip, it is actually not bad.. again, all about the workflow you implement.",3 hari yang lalu (diedit),2,1,
@taoprompts,If you use fast mode it costs 20% as much as the normal Veo 3 model,2 hari yang lalu,1,-1,
@euricorodrigues3319,Oh! And the Rio de Janeiro accent is spotless!,1 hari yang lalu,0,1,
@donatelloDoesmachines13,what do you mean? explain in more detail please.,2 hari yang lalu,0,0,
@taoprompts,Hmm... I've tried doing this although I wasn't able to get good results. Maybe it works for specific character names?,2 hari yang lalu,1,-1,
@hesohit,"cause those are the only videos its trained on tiktok and youtube vlog video, free and non copyright is all google train with",3 hari yang lalu,0,0,
@taoprompts,Hey I think the free trial accounts only actually work with Google Veo 2,2 hari yang lalu,0,0,
@plutus4047,Vlog style works the best I think in veo 3,3 hari yang lalu,0,1,
@codexsohm,Piano Scene is straight from Last of Us,3 hari yang lalu,0,0,
@jonjoni518,Traduction???? Pleasee,1 hari yang lalu,1,0,
@Oscar-j9x9p,Make a video where you explain how to make a long video with I watch 3 and have all the clips continue so that it seems like it is a single video. oh sorry at the end of the video you explain it briefly,3 hari yang lalu (diedit),0,1,
@ImagineWonders-b6j,"HELP. I am trying to do with Veo3 cheapest version a video static shot form a picture but the do some kind of motion most likely zoom in, even if I writed ""NO zoom in or out"". Please, how I can make a static shot with any kind of motion on it. Thanks in advance",7 jam yang lalu,0,-1,
@éŸ‹æ©-n1h,Is it possible to generate Tip 10 using veo3 fast mode?,1 hari yang lalu,0,0,
@majesticmythology,How do we get around Veo giving us video game graphics? This happens far too often even when I prompt for photorealistic and no game graphics,3 hari yang lalu,0,-1,
@SlayerSla,"how can you make so many examples just for your video, that are a amount of credits",3 hari yang lalu,0,0,
@Bro-kq2xo,"Hi brother, I hope you answer my question. I'm tempted to buy Gemini Ultra plan for 124.99$ for 3 months. I am planning to build a kids channel in my Country (Not English language). I have studied and practice making songs and voice over through Suno and Kits. Now I am planning to make Pixar style kids video like ""Old McDonald"". Do you think the plan is worth it or is it still long way to go to make a complete 4-5 min videos? I see that Ingredient to video, I think it's almost good enough for me to start. If possible, can you make a video regarding my story? you know the 3D Pixar Style and songs.",22 jam yang lalu (diedit),0,1,
@jinberlin4013,Brother i am facing audio generation failed issue please help me. always getting this error tried everything,1 hari yang lalu,0,-1,
@Official_GlobeMasta3,um its only upto maximum of 8 second videos? or did i miss that part?,1 hari yang lalu,0,0,
@JadeEmperorTales,Have try doing the free trial for flow because I cant no longer do it? It says not eligible for free trial.,3 hari yang lalu,1,-1,
@aber6441,"i see people made long videos but when i tried veo3 my generated video are 5 to 6 seconds shorts,  it only generate few lines of my script and cut, doesn't carry on forward. do you know how to solve this?",1 hari yang lalu,0,0,
@trival71,"Can any ine tell , audio and music not generating",9 jam yang lalu,0,-1,
@guiwbert,"5:49 The Brazilian guy is from Rio de Janeiro, but he has a Minas Gerais accent",3 hari yang lalu,0,0,
@fangus5076,how much do you pay for veo3 every month man? All those shots of amazing quality sounds costy. Is there a cheaper way?,7 jam yang lalu,0,0,
@5timesm,Why donâ€˜t you use Veo3 inside OpenArt?ğŸ˜‡,3 hari yang lalu,0,1,
@apatsa_basiteni,lol Harry Potter are not horror movies? They still scare me as an adult,2 hari yang lalu,0,1,
@sanfrann,"Be patient people, We are not there yet.",3 hari yang lalu,1,0,
@squarehand-j7v,The prompts you show on your video do not even remotely resemble the final results that you show,1 hari yang lalu,0,-1,
@taoprompts,I see a lot of people making these vlogs right now,2 hari yang lalu,0,1,
@taoprompts,I think the flow free trial only every worked with Veo 2,2 hari yang lalu,0,-1,
@taoprompts,"That's another option, I just have the subscription to veo 3",2 hari yang lalu,0,1,
@PuddingPods,With your advice. I managed to craft this video https://www.youtube.com/watch?v=vhmV1y6LUDA,2 hari yang lalu,0,1,
@asterlofts1565,"I'd like to see future games combine traditional animation techniques, map creation, objects, characters, NPCs, particles, etc., with modern techniques like this. It has a lot of potential, although it can also be dangerous for certain areas of the industry if misused. One I'd like to see in the future would be Half-Life 3 mods (obviously, we'll have to wait for the day the game comes out) that use AI-enhanced graphics, for example.",3 hari yang lalu,8,1,
@izelstudio18,Wow awesome videoğŸ™Œ,2 hari yang lalu,1,1,
@SlenderManVlogs666,Satisfying to sleep to for real,2 hari yang lalu,0,1,
@slicesatisfy1,Thank you so much,2 hari yang lalu,0,1,
@AIASMRSatisfatÃ³rio,Impressionante a capacidade que a IA estÃ¡ tomando,3 hari yang lalu,0,0,
@chillvibes4743,Amazing bro is this tool free?,2 hari yang lalu,0,1,
@banderie,What's the prompt for the ice one please,2 hari yang lalu,0,1,
@AlexCrack8,"I hate this, I accidentally use the one who cost 100 credits and I finish alll",2 hari yang lalu,2,-1,
@viciadaemapks,Where can I get the photos?,2 hari yang lalu,0,0,
@Mrclipero-fh8ql,DONDE ESTA EL PROMPT ?,22 jam yang lalu,0,0,
@DoraLÆ°uTrá»¯,hi,2 hari yang lalu,0,0,
@AmirHussain-yc1bp,My ai video generations still doesnâ€™t look good as the ones on TikTok ğŸ˜¢ Please help me with a better prompt,3 hari yang lalu (diedit),0,0,
@hamzapitafi7,Bro it's not free please ğŸ˜¢ help me,3 hari yang lalu,2,-1,
@notyoutubenothing,Is it free or how much cost?,3 hari yang lalu,0,0,
@ASKChef-ASMRKitchenChef,Beautifully done. Iâ€™m exploring the same surreal direction â€” just shared my own glass pizza moment ğŸ•ğŸ§Š,2 hari yang lalu,0,1,
@PrettyKristyy,How do I make the video longer than 8 seconds ?,2 hari yang lalu,0,0,
@JSan-ek2np,So in 2 years full movies,3 minggu yang lalu,329,0,
@gaelotrosjuegos2017,"Oh yeah, I would like to go Clorbing!",3 minggu yang lalu,123,1,
@mrlookagain1142,Maybe this is a blessing in disguise to get people back to face-to-face interactions and activities,3 minggu yang lalu,37,1,
@joshholden9316,Iâ€™m convinced everyone somehow forgot about terminator.,3 minggu yang lalu,156,-1,
@RazorbackJS,Right after watching this I subscribed to JaRod.,3 minggu yang lalu,30,1,
@standasebek5033,"THIS! AI will probably not soon replace actors is serious movies, but  I believe it will very soon replace this kind of 10 sec ""smile and show product"" commercials.",3 minggu yang lalu,7,1,
@wbwright79,eyes watering over here.  haven't had a laugh like this in a while!,3 minggu yang lalu,6,1,
@4991X,AI is advancing at an extraordinary pace. ğŸ˜‚ğŸ˜‚,3 minggu yang lalu,26,1,
@SamsungLC24RG50,We are doomed as a society,3 minggu yang lalu,102,-1,
@wwechampion,Whatever deal SAG-AFTRA agreed to probably won't be enough when tech like Veo 3 eliminate soooooo many jobs. Like it's no joke at all. These production companies are going to cut jobs like no tomorrow.,3 minggu yang lalu,7,-1,
@federalnoise,"I tried this today, it can render complex scenes instantly.  It was a low Res demo with no sound, but is highly capable rendering,  photo realistic or 100% accurate.  These renders were prolly done on pc but I used android phone.  There is a very similar product that is basically the same in functionality but requires a jpeg to analyse first.  This algorithm though does not even need that, just a full text description.",3 minggu yang lalu,5,1,
@alexthrailkill,"Iâ€™m about to delete all social media except for YouTube. I donâ€™t want to constantly think about whether or not what Iâ€™m seeing is real, and Iâ€™m terrified of how this will be used in the extremely near future.",2 minggu yang lalu,5,-1,
@AlexanderHoggard,5 fingers and no thumb at 0:18 lol,2 minggu yang lalu,7,-1,
@CodyJokesss,New Running club with fat Bob 0:35,3 minggu yang lalu (diedit),29,0,
@jonSLAYR,Iâ€™m good on the painkillers maâ€™am.. take care ğŸ˜‚,3 minggu yang lalu,3,1,
@raymond_luxury_yacht,Bro burned all his tokens lol  cheers bruh,3 minggu yang lalu,8,1,
@johnskywalker9334,I'm sure our governments won't use this for any nefarious purposes...,3 minggu yang lalu,6,-1,
@GoshaLover-cr7vq,"After watching Veo 3 a couple of times, it feels extremely unnatural",3 minggu yang lalu,7,-1,
@XeonIsAlive,THEY EVEN HAVE MILLENIAL PAUSE..,3 minggu yang lalu,10,0,
@NewPhone-d1m,It's Clorbin' time!,3 minggu yang lalu,4,1,
@slavicstories2287,I think in half year,3 minggu yang lalu,51,0,
@sahilbhaila4213,More like a TV that makes and shows anything you want,3 minggu yang lalu,27,1,
@mrman6035,I can imagine the on wave of slop already,3 minggu yang lalu,14,-1,
@perelium-x,Naah.. compute is the problem so unless computers got 1000x faster wont happen,3 minggu yang lalu,9,0,
@Yeastydynasty-w6m3b,Much sooner than that.,3 minggu yang lalu,4,1,
@trappedcat3615,No one is going to watch them,3 minggu yang lalu,6,-1,
@Felhek,â€‹Â @trappedcat3615Â why not? I'm watching this short videos,3 minggu yang lalu,19,1,
@looneycrow7978,By beginning of next year,3 minggu yang lalu,0,0,
@trappedcat3615,â€‹Â @FelhekÂ  It gets old. We will have fun in the beginning. Take AI music for example.,3 minggu yang lalu,4,-1,
@Giftedmike359,"Â @perelium-xÂ  context and flow are the main issues. a 2 hour movie is only 900 of these current 8 second clips, and most movie scenes are actually only 5 minutes long. the problem won't be compute.",3 minggu yang lalu,8,0,
@John009ks,"2 years is a realistic estimation in my opinion, maybe even a bit less.",3 minggu yang lalu,3,0,
@evcorporation,less time,3 minggu yang lalu,0,0,
@JuanHeredia-d5w9m,"If Netflix donâ€™t buy or partner with Google , itâ€™s over Imagine people uploading Full AI movies , made by producers that never had the chance to get to Hollywood, and now making thousands on YouTube by Ads just promptingy are definitely regulating it before people have public access for a whole movie or show",3 minggu yang lalu,6,0,
@8bitchiptune420,Try 2 months.,3 minggu yang lalu,0,0,
@cesarb2349,Â @JuanHeredia-d5w9mÂ think about this.. a new movie comes out and  the ending sucks .. instead of ppl crying about it 1000â€™s of alternate endings come out lol or how about when the AI itself starts doing movies like this is exciting weird and scary all at once.,3 minggu yang lalu,1,1,
@adrianytk,Just outsource the subtitles to the old school algorithms,3 minggu yang lalu,1,0,
@aistories3.9,I imagine super fast,3 minggu yang lalu,1,0,
@RadebeKids,I think it will happen in a shorter timeframe than that. Look how fast we went from that low quality Will Smith eating spaghetti video to this!,3 minggu yang lalu,1,1,
@TheEpicAB,Youâ€™re deluded,3 minggu yang lalu,0,-1,
@ministryofwrongthink6962,Weâ€™re getting Constantine 2 boys..,3 minggu yang lalu,1,0,
@pruthvirajsajjan5441,In a month,3 minggu yang lalu,0,0,
@62sy,More like 4-5,3 minggu yang lalu,1,0,
@Earlx3n_shorts,Â @sahilbhaila4213Â brooo thatâ€™s where itâ€™s literally headed,3 minggu yang lalu,0,1,
@Earlx3n_shorts,Â @trappedcat3615Â  the kids donâ€™t care brother,3 minggu yang lalu,0,0,
@TheRealProjekt46,"Bro probably wayyy faster... don't forget, we just got really decent ai photos a few months ago... now we are here.",3 minggu yang lalu,0,1,
@tytyreviews123,Yep and vlogs and short form videos and basically all media we consume.,3 minggu yang lalu,0,0,
@chadspencer_,Â @perelium-xÂ you say it wonâ€™t happen but in the past people would have said the same about the tech for these videos,3 minggu yang lalu,0,1,
@juniper-salad,You have to make the movie 30 seconds at a time but yeah,2 minggu yang lalu,0,0,
@maylunaberry5315,Yeah I'm good. I'll just watch old movies or go to a live play.,2 minggu yang lalu,0,0,
@JynxedKoma,"â€‹Â @perelium-xÂ  Compute is no longer a blocker for AI advancement. Neither is the lack of data sets, as AI can generate it's own to learn from. Also, AI is advancing x10 PER YEAR. As soon as it reaches automated learning in roughly Q4 2026, then that x10 will become x1000... then rapidly more and more.",2 minggu yang lalu (diedit),0,1,
@Mr.Papaveraceae,Yeah. Give it a few years.,2 minggu yang lalu,0,0,
@HansLotap,Maybe this year,2 minggu yang lalu,0,0,
@jerrod_lew,ğŸ˜‚,3 minggu yang lalu,3,0,
@unkarsthug4429,"Yeah, I don't understand why it does subtitles. It makes sense it would mess them up, but it's the biggest issue I've seen with VEO3",3 minggu yang lalu,7,-1,
@Jaled_010,gracias,3 minggu yang lalu,0,1,
@josiabiekro2014,I NOTICED THAT IMMIDIATELYğŸ˜‚,2 minggu yang lalu,0,1,
@loveyou5781,Â @jerrod_lewÂ please!! How did you get longer video,2 minggu yang lalu,0,1,
@i.i1215,Thatâ€™s what I was thinking,8 hari yang lalu,1,0,
@shikamaru5041,Or The Matrix,2 minggu yang lalu,9,1,
@S1opsts,Â @shikamaru5041Â  forget?? your not supposed to know!,2 minggu yang lalu,4,0,
@shikamaru5041,"No, that's fight club lolâ€‹Â @S1opstsÂ ",2 minggu yang lalu,1,0,
@maylunaberry5315,Because we don't live in the Terminator future. We live in the Wall-E future.,2 minggu yang lalu,1,1,
@joyidika2926,Matrix,2 minggu yang lalu,0,0,
@jerrod_lew,You legend,3 minggu yang lalu,0,1,
@Jaled_010,es verdad,3 minggu yang lalu,0,1,
@williampan29,Where is Ja!?,3 minggu yang lalu,0,0,
@SarahOc199,"Even that takes a lot of jobs away from people though. From cast, to lighting, editing, camera man.  Honestly, I prefer seeing real human creations.",2 minggu yang lalu,2,-1,
@jaysonp9426,Compared to this utopia we have now? I'll bet on the future,3 minggu yang lalu,15,1,
@PhantasmThe,Cry about it,3 minggu yang lalu,10,0,
@Customercf,Â @PhantasmTheÂ  great argument,3 minggu yang lalu,11,1,
@lyteyearz5810,Said the horse owner to the car owner ğŸ˜‚,3 minggu yang lalu,6,0,
@Claymorw,"People said the same about plane, tv, internet, and Iâ€™ve heard the same about 5g. Humanity adapt, there will be regulation, anti ai verification and many process",3 minggu yang lalu,1,1,
@D33Lux,Its because people have accepted it.,2 minggu yang lalu,0,1,
@D33Lux,"Â @ClaymorwÂ  In a free market, it was people creating new and innovative products.  Creating competition is good in free market capitalism.  Human's are being replaced by machines, NO ONE can compete against a machine.",2 minggu yang lalu,0,1,smngt
@maylunaberry5315,â€‹Â @ClaymorwÂ I sure hope so.,2 minggu yang lalu,0,1,y
@hombacom,"It's still a tool, or to be more concrete, many changing tools and different tool of the day. People can spends hours of credits and tricks to get it right and people see it and like ""you just prompt and voila""",3 minggu yang lalu,0,1,
@papskoo9137,Hi My friend can i use these for a specifc product As it can not do Photo to Video yet,2 minggu yang lalu,0,-1,
@D33Lux,"Reminds me of the movie ""Equilibrium"", they used A.I. to create a world leader who created a fascist society where everything is banned including emotions.  its a shocking movie.",2 minggu yang lalu,0,1,
@mintyfresh8441,Why u point this out,3 minggu yang lalu,2,0,
@HIIIBEAR,Pro accounts get 10 a month so its easy to make more accounts and just putting put $20 for more generations. Not too bad,3 minggu yang lalu,4,1,
@D33Lux,Nah!  When have they ever...,2 minggu yang lalu,0,1,
@Marcytheeditor,"1:09 he looks like LeBron and sounds like the Elevenlabs tts dude, did you put audio in and use Elevenlabs?",3 minggu yang lalu,4,0,
@ktosnapewno51,1:20 Niiiiiiiiiiiight ğŸ¤–ğŸ¤–ğŸ¤–ğŸ¤–,3 minggu yang lalu,2,1,
@MisaRae-420,And they way itâ€™s convincing because companies over edit people in real ads anyway so that little uncanny value doesnâ€™t even look out of place.,3 minggu yang lalu,1,1,
@aistories3.9,If you have access Google veo 3 you create cartoon story video with help of tool upload on YouTube demo,3 minggu yang lalu,2,1,
@teadrinker7098,I think it's hilarious how it can produce beautiful video and audio but can't get the text captions correct.,3 minggu yang lalu,2,1,
@PunmasterSTP,"0:14 Hey, there were 16! ğŸ˜† 0:31 What's ""clorbing""? ğŸ¤£",2 minggu yang lalu,0,0,
@blackwoodjankins,That slight lag on vocals is on purposeâ€¦.. this is very old technology they want us to think its improving when in reality they are far passed this,3 minggu yang lalu,9,-1,
@msd5808,"This is going to really mess with some people's heads, maybe everybody's",3 minggu yang lalu,3,0,
@TellyMan200,we DOOOOOMED,3 minggu yang lalu,2,1,
@jiggyeddy9484,I dont get it. Whats the end goal with this?,3 minggu yang lalu,4,0,
@chrissawyer69,"So , bad acting wonâ€™t be fixed by AI?  That sucks",3 minggu yang lalu,3,-1,
@zwc76,I'm new to Clorbing,3 minggu yang lalu,4,1,
@olternaut,Hunyuan Avatar can not touch Veo-3.  But Avatar is open source though so I think open source will quickly catch up to Veo-3.,11 hari yang lalu,0,-1,
@CreatorXZX,Veo 3 is perfect,3 minggu yang lalu,0,1,
@Tealchrono,Damn G-max owning everything,3 minggu yang lalu,0,1,
@asher-et6yf,"so, when do we cap it",1 hari yang lalu,0,0,
@anastascompany5828,ĞšĞ¾Ğ³Ğ´Ğ° ÑƒĞ¶Ğµ Ğ˜Ğ˜ Ñ€Ğ°Ğ·Ğ¼Ğ½Ğ¾Ğ¶ĞµĞ½Ğ¸Ğµ Ğ¾Ğ´Ğ½Ğ¾Ğ¿Ğ¾Ğ»Ğ¾Ğµ â¤ Ğ Ñ‚Ğ°Ğº Ğ·Ğ°Ğ¼ĞµÑ‡Ğ°Ñ‚ĞµĞ»ÑŒĞ½Ğ°Ñ Ñ‚ĞµÑ…Ğ½Ğ¾Ğ»Ğ¾Ğ³Ğ¸Ñ.,3 minggu yang lalu (diedit),0,0,
@TLavonLawrence,I've already warned my clients to get ready for the good times.,3 minggu yang lalu,0,1,
@urionuoffia3953,Did you add the audio independently?,3 minggu yang lalu,0,0,
@doudymac,Yeah... There's also one particular industry that may highly capitalize on this. ğŸ˜,3 minggu yang lalu,0,1,
@qwertyrewtywyterty,u know veo 3 can generate audio right? we no longer have to put in audio,3 minggu yang lalu,1,0,
@jerrod_lew,It's something the Google Labs team is working on!,3 minggu yang lalu,0,1,
@user-on7ui7pl4j,They would 100000% tell us to get more investors,3 minggu yang lalu,0,1,
@codyw1,fun?,3 minggu yang lalu,1,0,
@jiggyeddy9484,"Â @codyw1Â  There is no fun in this. This is creepy, and those who support it have no real backed up reason to do so other than to replace jobs.",3 minggu yang lalu,4,-1,
@Rizopas,Replacement.,3 minggu yang lalu,4,0,
@maylunaberry5315,Cutting costs and propaganda.,2 minggu yang lalu,0,1,
@RJMCTV,Would be useful if you could share the prompts for each clip,3 minggu yang lalu,13,1,
@XeroboxMedia,Concept Artists are cooked!,3 minggu yang lalu,0,1,
@thidasinduwaraweerathunga6807,"I am i the only one who is feeling scared of the fast growth of AI, Terminator vibes",3 minggu yang lalu,0,-1,
@lillyimaginator,Why would anyone buy a product from an ad that doesnâ€™t even show the real product,2 minggu yang lalu,0,0,
@ministryofwrongthink6962,The movie industry is about to FO.People wont watch slopâ€ People already love memes dunking on bad movies.. theyâ€™ll absolutely spread feature-length meme movies,3 minggu yang lalu,0,0,
@yepisuredolikecats,i like how they included the millennial pause,3 minggu yang lalu,0,1,
@UmairKhan-dz4rq,"Bro try Gameplay as well, want to see how does it makes the gameplay. Horror, zombie etc",3 minggu yang lalu,0,0,
@SonidosEnArmonia_1992,How? They let you add asset? Or what,3 minggu yang lalu,0,0,
@dusesedits,I would like a waaaatttoooppporr tEnt,3 minggu yang lalu,0,1,
@clairejevron6146,Can you add the products into the videos?,2 minggu yang lalu,0,1,
@Kevdog824,They mastered the millennial pause,3 minggu yang lalu,0,0,
@gamehub69pro,"RIP graphics designer and video editors , time to learn to put fries in the bag",3 minggu yang lalu,0,-1,
@deenzbeanz,**millennial pause** We have a special on new haircuts today! **stares at camera**,3 minggu yang lalu (diedit),0,0,
@RevolutionaryBlackgenius,But are any of these actual products?,2 minggu yang lalu,0,0,
@RealLainBear,I love refrigerators,3 minggu yang lalu,0,1,
@burgersuperking,Im not buying from companies with AI slop ads,3 minggu yang lalu,10,-1,
@TheBigExclusive,Annnnnnd just like that everyone in entire film industry just lost their jobs.,3 minggu yang lalu (diedit),1,,
@batman_2004,Google afterall an advertising company.,2 minggu yang lalu,0,1,
@Tee-k7z,We are becoming Truman,3 minggu yang lalu,0,0,
@tankermike19k36,I wanna go running with bob ğŸ˜‚,3 minggu yang lalu,0,0,
@onetwo4181,ğŸ˜‚ğŸ˜‚ğŸ˜‚ğŸ˜‚ you are funny,3 minggu yang lalu,3,1,
@tomahawknyaface,You won't be able to tell in probably 2 years,3 minggu yang lalu,10,0,
@Daiin0,Haha. Like that's gonna stop them from using it.,3 minggu yang lalu,2,1,
@MateusAntoninus,"Itâ€™s going to be like when everybody started using plastic, no more storing things in jars or glass bottles, cutting costs and more practical.",3 minggu yang lalu,1,0,
@maylunaberry5315,"â€‹â€‹Â @MateusAntoninusÂ you left out plastic pollution. Like the formation of The Great Pacific Garbage Patch, or how microplastics have poisoned our bodies.",2 minggu yang lalu (diedit),1,0,
@solobakatt,Skynet,3 minggu yang lalu,1,0,
@andrewgarratt1503,Anyone else feeling a sense of existential dread?,3 minggu yang lalu,2,0,
@ethanrenckly,"All hail Veo 3, the Nemesis of Truth, the ultimate propaganda machine, the digital atomic bomb democratized to all with the ability to spend $249/month on it. Praise be to the Neon God.",3 minggu yang lalu (diedit),0,-1,
@davidbourne8267,Looks weird as fuck.,3 minggu yang lalu,1,0,
@cerenad6561,"Movies, someone said? I'm on it! Scripts ready!ğŸ‰ Please, someone join me in ending the need for agents & studios! The elites! I want to own & release my art!",3 minggu yang lalu,2,0,
@teriyaki8643,new to clorbing :DD,2 minggu yang lalu,0,1,
@dominicc5914,Thank you For Sharing,3 minggu yang lalu,0,1,
@happyonopie7477,Im about to do this and start my own fucking brand,3 minggu yang lalu,0,1,
@darkestmessiah8351,It's Clorbing Time!!!,2 minggu yang lalu,0,1,
@luistheweeb5135,Dam Iâ€™m a film tv and electronic media major you guys think Iâ€™m cooked or am I cooked,3 minggu yang lalu,1,1,
@EasyBookReviewClub,It's crazy how the image and video generators always have issues spelling. ğŸ¤¯,3 minggu yang lalu,0,1,
@tiragd928,AI need to learn not everyone has a perfect skin ğŸ˜‚ and try adding a few bruise or pimples,10 hari yang lalu,0,0,
@stasyssadauskis331,1:06 poor lil dogs,3 minggu yang lalu,0,0,
@autotunekilledthevideostar639,its garbage it cant even spell,2 minggu yang lalu,1,0,
@mikaelgouws77,Only dog i'm recuing is King Charles.,3 minggu yang lalu,0,0,
@RedAvery1,Ok now complete all Ubisoft games how they should be Ai,3 minggu yang lalu,0,0,
@buddyroach,i am new to clorbing.,3 minggu yang lalu,0,0,
@autophagi,"For thousands of years, leaders and establishments have manipulated the public by telling the simplest of lies.... no one panicked or had existential dread....today, ""AI"" makes realistic art and everyone panics, believing that the truth is somehow just now under threat. During the Renaissance period, hyper realistic paintings became a thing, but realistic paintings could only get so good. ""AI"" will only look so ""real,"" and there will always be flaws. The panic is exhausting and frankly ANNOYING af.",3 minggu yang lalu,0,-1,
@StrawberryRaspberryCherryIce,Have you ever considered crypto currency,2 minggu yang lalu,0,0,
@MTekni,I wanna be friends with Bob,3 minggu yang lalu,1,0,
@badpuppy3,The short answer is every job is cooked.  And sorry to the plumber bros...you're cooked too.  No one can afford to call a plumber when they don't have a paycheck and they'll be sitting at home with nothing to do anyway.  They'll just pull up ChatGPT app on their phone and the AI will tell them what to do while watching them on video.,3 minggu yang lalu (diedit),2,-1,
@Daiin0,sadly yes.,3 minggu yang lalu,0,0,
@SourMangoee21,"Bro, you're overcooked. Don't worry, you won't be alone. Cashiers and many others will join you soon.",3 minggu yang lalu,0,0,
@codyw1,"Â @badpuppy3Â  to be fair there are already yt vid telling people how to do stuff like that, still doesn't mean u can do it, plumbers and electricians are the few industries not cooked by this",3 minggu yang lalu (diedit),0,0,
@teadrinker7098,He's captured the algorithm and the Internet.,3 minggu yang lalu,0,0,
@jerrod_lew,AI version of climbing haha,2 minggu yang lalu,0,0,
@alfredellis8549,It's over.,3 minggu yang lalu,0,-1,
@stasyssadauskis331,0:16 from lipstick 0:18 um.....,3 minggu yang lalu,0,0,
@TFD500Official,"i know it's AI, but just look at how opens the thing LOL 0:15",3 minggu yang lalu,0,0,
@gcwalther,"Hey Jerrod, this is great, thanks for sharing :)",3 minggu yang lalu,1,1,
@amirperrymusic,It feels so fake.,3 minggu yang lalu,1,-1,
@Shlumbus69,They never blink.,3 minggu yang lalu,0,0,
@Uncannykenny,Whats up with captions tho? Lol,2 minggu yang lalu,0,0,
@ArjanTV,My brain is probably fried bcs i cant understand if its real or ai â€¦ to much reels its hard to tell anymore . After this drops i wont take any more video on internet for real,3 minggu yang lalu,0,1,
@dimalmfao,if you're new to clorbing,2 minggu yang lalu,0,0,
@adarwinterdror7245,But... But... You can't insert characters or products and make a veo3 video where a person talks. So you can't make a real ad with a person talking and holding\using it.,3 minggu yang lalu,0,-1,
@jminian777,"As far as I know, lip-syncing from just a single image to a video isn't possible yet, right?",3 minggu yang lalu,0,-1,
@SherProductions11,its good but they look so slow xD,3 minggu yang lalu,0,1,
@rk-7170,were cooked,3 minggu yang lalu,0,0,
@CarloscarTovar,good bye Netflix,3 minggu yang lalu,0,0,
@kindofanmol,Make it stop pls,3 minggu yang lalu,0,-1,
@freezemyheaddootcoom,The computing power needed to create this slop is quite literally poisoning real communities and accelerating the destruction of the planet and for what?,2 minggu yang lalu,0,0,
@24_f_p_s,"While the visual looks fine, the minute they talk and dialogue deliver it falls flat, like its a weird movie where zombies take over humans bodies.",3 minggu yang lalu,3,0,
@emacwakeup,Omg these aren't real people??,2 minggu yang lalu,0,0,
@HadeelAb.,"nah, I can still tell they are AI",3 minggu yang lalu,0,1,
@windowfries,I've always wanted to clorb,3 minggu yang lalu,0,0,
@jerrod_lew,Magic lol,3 minggu yang lalu,0,0,
@jerrod_lew,Magic lol,3 minggu yang lalu,0,0,
@st3aml1n3,You mean real,3 minggu yang lalu,0,1,
@henriqeduu,yet,3 minggu yang lalu,0,0,
@qwertyrewtywyterty,yet,3 minggu yang lalu,0,0,
@TradeInfinitum,its possible a long time ago,3 minggu yang lalu,0,1,
@Flux_Nomad,It's Clorbing Time,3 minggu yang lalu,0,-1,
@brianvalencia4621,Nope,2 minggu yang lalu,0,0,
@hytalegermany1095,Test Image to Video pleaaaase,3 minggu yang lalu,0,0,
@sulong3586,bob...,3 minggu yang lalu,0,0,
@jadenisiah,Great another excuse for marvel to create another low budget cgi film,3 minggu yang lalu,2,1,
@abhishekpadmanabhan3945,"Bro, bro bro bro bro bro brobro",3 minggu yang lalu,0,0,
@jokerace8227,"Yeah, don't need those type of actors anymore, and the extra benefit is AI actors aren't gonna get on social media and ruin things with political opinions.  LOL",3 hari yang lalu,0,1,
@BigTanDan,"The uncanny Valley, this shit is too good.. itâ€™s detectable. AI needs to not make everything so symmetrical and perfect. Itâ€™s like thereâ€™s no flaws. Thereâ€™s no dissymmetry.",3 minggu yang lalu,0,1,
@The-creator-of-good-videos-15,"0:14 - 0:15: AI-generated woman: â€œTwelve colors.â€. 0:17 - 0:18: Also the AI-generated woman: *opens the case* . Yeah, but, I can only see 16 of the colors, not 12, in the video.",3 minggu yang lalu,0,0,
@rk-7170,elites been using this for years LOL,3 minggu yang lalu,1,0,
@pippopitetti9703,Google must fix these nonsense subtitles. Otherwise it is useless,3 minggu yang lalu,0,-1,
@wishesandfishes,"No one works in entertainment because they can't get a real job - that's the whole idea of an ""aspirational career""",3 minggu yang lalu,0,0,
@jellyd4889,"Now just make one with Trump talking lies... Non stop..... Okok, not needed.",3 minggu yang lalu,0,0,
@dingers5days,"Not quite there yet, but still scary",3 minggu yang lalu,0,0,
@arnolt2590,Erase AI,3 minggu yang lalu,0,0,
@1mobile984,Its over for Hollywood and people that cant get real jobs.,3 minggu yang lalu,0,1,
@chaitanyagore1112,AI can't match indian voice ğŸ˜‚,3 minggu yang lalu,0,-1,
@abhishekpadmanabhan3945,good stuff bro,3 minggu yang lalu,0,1,
@jerrod_lew,I know they are working on it.,3 minggu yang lalu,0,0,
@badpuppy3,"Sorry, but it's over for you too.  There's no ""real job"" that AI won't be able to do.  And in the meantime, all the jobless people will be coming for your job.",3 minggu yang lalu (diedit),3,-1,
@GauravTheKnight777,It did,3 minggu yang lalu,1,0,
@chaitanyagore1112,â€‹Â @GauravTheKnight777Â  lol I could easily tell difference. Other voices are near perfect but indian not Even close,3 minggu yang lalu,1,0,
@Itssssss_Jack,ğŸ©µ Grab ALL blueprints (plus LIVE business AI Masterclass w/ Dan Martell this week): https://bit.ly/3HvMFy5,10 hari yang lalu (diedit),4,0,
@Aced.Visuals,Am I missing something? I can literally create that exact same video with veo but without the other 27 other steps,6 hari yang lalu,1,0,
@KingTheKemist,"Youâ€™re the best, bro!",7 hari yang lalu,0,1,
@dilfill,"This is really great but would love to learn more about the business side of things Before sending these cold, etc.",4 hari yang lalu,0,1,
@watkinson123,"Insane Jack, just put this together for my business so characters from the students stories introduce my services... ğŸ˜‚",7 hari yang lalu,0,0,
@DanielePetrillo,Thanks ğŸ˜Š,10 hari yang lalu,1,0,
@AIwithApex,Let'sssss go Jackkk ğŸ¤©,10 hari yang lalu,2,0,
@Onso.1387,Could you please provide a video tutorial on how to set up an AI agent automation using WhatsApp and N8N to connect to a website? Or do you already have this?,10 hari yang lalu,1,0,
@greghaughtoneducoach,"Great video Jack.  one quick question: Veo 3 has multi language format? I'm in the Canary Islands and my customers would be Spanish Speakers. still not available here in Europe, so using VPN",10 hari yang lalu,0,1,
@Onso.1387,Super cool ğŸ‰,10 hari yang lalu,1,1,
@theaerogr,It's a disruption in pricing for sure.,7 hari yang lalu,0,0,
@cjt208,Did you AI yourself for this video?,8 hari yang lalu,0,0,
@pushingpandas6479,5s video with audio on will cost $3.75. Fal VEO,9 hari yang lalu,0,-1,
@Colin-65fg7,Anyone else get stuck on the Get http request? I noticed his video jumped ahead and his api key changed so not sure how to resolve this,8 hari yang lalu,0,0,
@KenCsurilla,The goal is to turn it into an app or automate it. Make it client side,6 hari yang lalu,1,1,
@Aced.Visuals,Â @KenCsurillaÂ gotcha!,5 hari yang lalu,0,1,
@Itssssss_Jack,Yessss sir ğŸ¤™,10 hari yang lalu,0,0,
@Itssssss_Jack,"Hi everyone, yes we've got videos just like this. What specifically do you have in mind with this use case?",10 hari yang lalu,0,0,
@Itssssss_Jack,"Yes, Broski, it canğŸ¤™",8 hari yang lalu,1,1,
@Itssssss_Jack,"Very, very cool. A SUPER disruptive technology.",10 hari yang lalu,0,1,
@Itssssss_Jack,"Hey Broski which part isnâ€™t working, did you enter the GET curl?",8 hari yang lalu,0,0,
@Colin-65fg7,Â @Itssssss_JackÂ I typed it all out and it couldnâ€™t import the curl so I manually did it. I manually did it for the post request as well and that worked so not sure why the GET request wouldnâ€™t work the same,8 hari yang lalu,0,,
@Itssssss_Jack,"Â @Colin-65fg7Â  curl -X GET ""https://queue.fal.run/fal-ai/veo3/requests/YOUR_REQUEST_ID"" \ -H ""Authorization: Key YOUR_FAL_KEY""",8 hari yang lalu,0,0,
@Colin-65fg7,"Â @Itssssss_JackÂ  this imported correctly but i am still getting this message ""Your request is invalid or could not be processed by the service""",8 hari yang lalu,0,-1,
@Itssssss_Jack,Â @Colin-65fg7Â you need to add your ID at the end of the req from the previous module ğŸ’™,8 hari yang lalu,0,0,
@Colin-65fg7,Â @Itssssss_JackÂ I did that and have my api key. Everything is formatted the way your video shows but it says my request is invalidğŸ˜¢,8 hari yang lalu,0,-1,